-- MySQL dump 10.11
--
-- Host: localhost    Database: cawka
-- ------------------------------------------------------
-- Server version	5.0.51a-3ubuntu5.4

/*!40101 SET @OLD_CHARACTER_SET_CLIENT=@@CHARACTER_SET_CLIENT */;
/*!40101 SET @OLD_CHARACTER_SET_RESULTS=@@CHARACTER_SET_RESULTS */;
/*!40101 SET @OLD_COLLATION_CONNECTION=@@COLLATION_CONNECTION */;
/*!40101 SET NAMES utf8 */;
/*!40103 SET @OLD_TIME_ZONE=@@TIME_ZONE */;
/*!40103 SET TIME_ZONE='+00:00' */;
/*!40014 SET @OLD_UNIQUE_CHECKS=@@UNIQUE_CHECKS, UNIQUE_CHECKS=0 */;
/*!40014 SET @OLD_FOREIGN_KEY_CHECKS=@@FOREIGN_KEY_CHECKS, FOREIGN_KEY_CHECKS=0 */;
/*!40101 SET @OLD_SQL_MODE=@@SQL_MODE, SQL_MODE='NO_AUTO_VALUE_ON_ZERO' */;
/*!40111 SET @OLD_SQL_NOTES=@@SQL_NOTES, SQL_NOTES=0 */;

--
-- Table structure for table `bibwiki`
--

DROP TABLE IF EXISTS `bibwiki`;
SET @saved_cs_client     = @@character_set_client;
SET character_set_client = utf8;
CREATE TABLE `bibwiki` (
  `id` int(11) NOT NULL auto_increment,
  `bibtex` text,
  `entry` text,
  `date` date default NULL,
  `pdf` text,
  `slides` text,
  PRIMARY KEY  (`id`)
) ENGINE=MyISAM AUTO_INCREMENT=361 DEFAULT CHARSET=utf8;
SET character_set_client = @saved_cs_client;

--
-- Dumping data for table `bibwiki`
--

LOCK TABLES `bibwiki` WRITE;
/*!40000 ALTER TABLE `bibwiki` DISABLE KEYS */;
INSERT INTO `bibwiki` VALUES (325,'article','@article{id,\nauthor={Alexander Afanasyev and Neil Tilley and Peter Reiher and Leonard Kleinrock},\ntitle={Host-to-host congestion control for {TCP}},\njournal={To appear in IEEE Communication Surveys and Tutorials},\nyear={2010},\nmonth={March},\ncomment={}}','2010-03-01','/afanasyev/data/files/Afanasyev/Host-to-host%20congestion%20control%20for%20TCP.pdf',NULL),(326,'techreport','@techreport{id,\nauthor={Alexander Afanasyev and Neil Tilley and Brent Longstaff and Lixia Zhang},\ntitle={{BGP} Routing Table: Trends and Challenges},\ninstitution={UCLA Computer Science Department},\nyear={2009},\ntype={Technical Report},\ncomment={}}','2009-01-01','/data/files/Afanasyev/BGP%20Routing%20Table%20Trends%20and%20Challenges.pdf','/data/files/Afanasyev/BGP%20Routing%20Table%20Trends%20and%20Challenges%20(slides).pdf'),(329,'phdthesis','@phdthesis{id,\nauthor={Alexander Afanasyev},\ntitle={Distributed Multimedia Broadcasting System in the Data Transmission Networks},\nschool={Bauman Moscow State Technical University},\nyear={2007},\nmonth={June},\ntype={Master Thesis},\nnote={(in Russian)},\ncomment={}}','2007-06-01','/afanasyev/data/files/Afanasyev/Distributed%20Multimedia%20Broadcasting%20System%20in%20the%20Data.pdf','/data/files/Afanasyev/Distributed%20Multimedia%20Broadcasting%20System%20in%20the%20Data%20(slides).pdf'),(333,'conference','@conference{id,\nauthor={Alexander Afanasyev},\ntitle={Hardware-Software Complex for Energy Equipment Vibrodiagnostics},\nbooktitle={Proceedings of the 7th Youth Technological Conference \"High Technologies and Intellectual Systems\"},\nyear={2005},\naddress={Moscow, Russia},\nmonth={April},\nnote={(In Russian)},\ncomment={}}','2005-04-01','/data/files/Afanasyev/Hardware-Software%20Complex%20for%20Energy%20Equipment%20Vibrodiagnostics.pdf',NULL),(334,'conference','@conference{id,\nauthor={Alexander Afanasyev},\ntitle={Hardware-Software Complex for Multimedia Content Services in {IP} Networks},\nbooktitle={Proceedings of the 7th Youth Technological Conference \"High Technologies and Intellectual Systems\"},\nyear={2005},\naddress={Moscow, Russia},\nmonth={April},\nnote={(In Russian)},\ncomment={}}','2005-04-01','/data/files/Afanasyev/Hardware-Software%20Complex%20for%20Multimedia%20Content%20Services.pdf',NULL),(335,'conference','@conference{id,\nauthor={Alexander Afanasyev},\ntitle={Developing Software-Hardware System for Multimedia Broadcasting in Educational Data Networks},\nbooktitle={Proceeding of All-Russia Science Conference \"Informational Technologies in Science, Education, and Economics\"},\nyear={2005},\nvolume={2},\npages={6-7},\naddress={Yakutsk, Russia},\nmonth={November-December},\nnote={(In Russian)},\ncomment={}}','2005-01-01','/data/files/Afanasyev/Developing%20Software-Hardware%20System%20for%20Multimedia%20Broadcasting.pdf',NULL),(336,'conference','@conference{id,\nauthor={Alexander Afanasyev},\ntitle={Automatic Monitoring System for Big Power Systems},\nbooktitle={Proceeding of the Federal Resulting Scientific and Technical Conference of Creative Russian Youth in Natural, Technical, Humanitarian Science},\nyear={2003},\naddress={Moscow, Russia},\nmonth={December},\nnote={(In Russian)},\ncomment={}}','2003-12-01','/data/files/Afanasyev/Automatic%20Monitoring%20System%20for%20Big%20Power%20Systems.pdf','/data/files/Afanasyev/Automatic%20Monitoring%20System%20for%20Big%20Power%20Systems%20(slides).pdf'),(337,'conference','@conference{id,\nauthor={Alexander Afanasyev},\ntitle={Multimedia Content Capturing Hardware For {IP} Broadcasting Uses Analysis},\nbooktitle={Proceedings of the 8th Youth Technological Conference \"High Technologies and Intellectual Systems\"},\nyear={2006},\naddress={Moscow, Russia},\nmonth={April},\nnote={(In Russian)},\ncomment={}}','2006-04-01','/data/files/Afanasyev/Multimedia%20Content%20Capturing%20Hardware%20For%20IP%20Broadcasting.pdf',NULL),(338,'conference','@conference{id,\nauthor={Alexander Afanasyev},\ntitle={{MSTU}---Multifunctional Measuring System},\nbooktitle={Proceedings of the 5th Youth Technological Conference \"High Technologies and Intellectual Systems\"},\nyear={2003},\nnumber={116--119},\naddress={Moscow, Russia},\nmonth={April},\nnote={(In Russian)},\ncomment={}}','2003-04-01','/data/files/Afanasyev/MSTU---Multifunctional%20Measuring%20System.pdf',NULL),(339,'misc','@misc{id,\ntitle={Creating a Hardware-Software System for Researches of Active Vibrodefence},\nhowpublished={in report of scientifically research work \"Development of mathematical models and Software and Technical Means for experimental Researches of Systems Active Vibrodefence\"},\nauthor={Alexander Afanasyev},\nyear={2002},\nnote={(In Russian)},\ncomment={}}','2002-01-01',NULL,NULL),(342,'techreport','@techreport{id,\nauthor={Alexander Afanasyev and SeungHoon Lee and Uichin Lee and Mario Gerla},\ntitle={Content Distribution in {VANETs} using Network Coding: Comparison of Generation Selection Mechanisms},\ninstitution={UCLA Computer Science Department},\nyear={2009},\ntype={Technical Report},\ncomment={}}','2009-01-01','/data/files/Afanasyev/Content%20Distribution%20in%20VANETs%20using%20Network.pdf','/data/files/Afanasyev/Content%20Distribution%20in%20VANETs%20using%20Network.ppt'),(343,'conference','@conference{id,\nauthor={Alexander Afanasyev and V. Dudko},\ntitle={Multimedia Broadcasting Systems for Telecommunication Networks},\nbooktitle={Proceedings of Youth Science School \"Materials for Nano-, Micro-, and Optoelectronics: Physical Characteristics and Applications\"},\nyear={2005},\npages={178--179},\naddress={Saransk, Russia},\nmonth={October},\nnote={(In Russian)},\ncomment={}}','2005-10-01','/data/files/Afanasyev/Multimedia%20Broadcasting%20Systems%20for%20Telecommunication%20Networks.pdf',NULL),(345,'conference','@conference{id,\nauthor={Alexander Afanasyev},\ntitle={Hybrid {IP} Broadcasting Multimedia Content Protection System},\nbooktitle={Proceedings of the 10th Youth Technological Conference \"High Technologies and Intellectual Systems\"},\nyear={2008},\nvolume={1},\npages={16--20},\naddress={Moscow, Russia},\nmonth={April},\nnote={(In Russian)},\ncomment={}}','2008-04-01','/data/files/Afanasyev/Hybrid%20IP%20Broadcasting%20Multimedia%20Content%20Protection.pdf',NULL),(346,'conference','@conference{id,\nauthor={Alexander Afanasyev},\ntitle={Software-Hardware System for Multimedia Broadcasting in Data Transmission Networks},\nbooktitle={Proceeding of Informational and Telecommunication Systems Competition (All-Russia competition of innovative projects of graduate students)},\nyear={2005},\naddress={Moscow, Russia},\nmonth={December},\nnote={(In Russian)},\ncomment={}}','2005-12-01',NULL,NULL),(347,'phdthesis','@phdthesis{id,\nauthor={Alexander Afanasyev},\ntitle={Researching of Methods and Development of Means of Multimedia Broadcasting in Data Transmission Networks},\nschool={Bauman Moscow State Technical University},\nyear={2005},\nmonth={July},\ntype={Bachelors Thesis},\nnote={(In Russian)},\ncomment={}}','2005-07-01','/data/files/Afanasyev/Researching%20of%20Methods%20and%20Development%20of%20Means%20of%20Multimedia.pdf','/data/files/Afanasyev/Researching%20of%20Methods%20and%20Development%20of%20Means%20of%20Multimedia%20(slides).pdf'),(355,'conference','@conference{id,\nauthor={Alexander Afanasyev and A. Averyanikhin},\ntitle={Hybrid Routing Model for Real-Time Broadcasting},\nbooktitle={Proceedings of the 14th International Scientific and Practical Conference of Students, Postgraduates and Young Scientists \"Modern Techniques and Technologies\" (MTT), Tomsk, Russia},\nyear={2008},\nvolume={2},\npages={234--235},\npublisher={Tomsk Politechnic University Press},\naddress={Tomsk},\nmonth={March},\nnote={(In Russian)},\ncomment={}}','2008-03-01','/data/files/Afanasyev/Hybrid%20Routing%20Model%20for%20Real-Time%20Broadcasting.pdf',NULL),(356,'article','@article{id,\nauthor={Knyazev, V. and Alexander Afanasyev},\ntitle={Computer Measurement Laboratory},\njournal={Informatics and Control Systems in 21st Century},\nyear={2003},\nnote={(In Russian)},\ncomment={}}','2003-01-01',NULL,NULL),(360,'conference','@conference{id,\nauthor={Alexander Afanasyev and Keith Mayoral and Zhenkai Zhu and Soon Young Oh},\ntitle={{DTCAST}: Delay and Disruption Tolerant Multicasting Protocol},\nbooktitle={Proceedings of the 11th Youth Technological Conference \"High Technologies and Intellectual Systems\"},\nyear={2009},\naddress={Moscow, Russia},\nmonth={April},\ncomment={}}','2009-04-01','/data/files/Afanasyev/DTCAST%20Delay%20and%20Disruption%20Tolerant%20Multicasting.pdf','/data/files/Afanasyev/DTCAST%20Delay%20and%20Disruption%20Tolerant%20Multicasting.ppt');
/*!40000 ALTER TABLE `bibwiki` ENABLE KEYS */;
UNLOCK TABLES;

--
-- Table structure for table `keywords`
--

DROP TABLE IF EXISTS `keywords`;
SET @saved_cs_client     = @@character_set_client;
SET character_set_client = utf8;
CREATE TABLE `keywords` (
  `id` int(11) NOT NULL auto_increment,
  `date` datetime default NULL,
  `ip` text,
  `engine` text,
  `keywords` text,
  `referer` text,
  PRIMARY KEY  (`id`)
) ENGINE=MyISAM AUTO_INCREMENT=55 DEFAULT CHARSET=latin1;
SET character_set_client = @saved_cs_client;

--
-- Dumping data for table `keywords`
--

LOCK TABLES `keywords` WRITE;
/*!40000 ALTER TABLE `keywords` DISABLE KEYS */;
INSERT INTO `keywords` VALUES (53,'2009-12-23 22:25:11','169.233.119.102','Yahoo','alexander afanasyev ','http://search.yahoo.com/search;_ylt=A0oGklgmCTNLcDkA2klXNyoA?p=alexander+afanasyev+&fr2=sb-top&fr=siteexplorer&sao=3');
/*!40000 ALTER TABLE `keywords` ENABLE KEYS */;
UNLOCK TABLES;

--
-- Table structure for table `menu`
--

DROP TABLE IF EXISTS `menu`;
SET @saved_cs_client     = @@character_set_client;
SET character_set_client = utf8;
CREATE TABLE `menu` (
  `id` int(11) NOT NULL auto_increment,
  `parent_id` int(11) default NULL,
  `name` text,
  `link` text,
  `display_order` int(11) default NULL,
  `width` text,
  `target` text,
  PRIMARY KEY  (`id`)
) ENGINE=MyISAM AUTO_INCREMENT=30 DEFAULT CHARSET=utf8;
SET character_set_client = @saved_cs_client;

--
-- Dumping data for table `menu`
--

LOCK TABLES `menu` WRITE;
/*!40000 ALTER TABLE `menu` DISABLE KEYS */;
INSERT INTO `menu` VALUES (24,NULL,'About','index.html',1,NULL,NULL),(25,NULL,'Profile','profile.html',2,NULL,NULL),(26,NULL,'Awards','awards.html',3,NULL,NULL),(27,NULL,'Publications','bibwiki/',4,NULL,NULL),(28,NULL,'Research Projects','research.html',5,NULL,NULL),(29,NULL,'Admin','admin.html',-100,NULL,NULL);
/*!40000 ALTER TABLE `menu` ENABLE KEYS */;
UNLOCK TABLES;

--
-- Table structure for table `news`
--

DROP TABLE IF EXISTS `news`;
SET @saved_cs_client     = @@character_set_client;
SET character_set_client = utf8;
CREATE TABLE `news` (
  `id` int(11) NOT NULL auto_increment,
  `publ_begin` date default NULL,
  `publ_end` date default NULL,
  `top` tinyint(1) default NULL,
  `subject` text,
  `body` text,
  `image` text,
  PRIMARY KEY  (`id`),
  KEY `news_date` (`publ_begin`,`publ_end`)
) ENGINE=MyISAM DEFAULT CHARSET=utf8;
SET character_set_client = @saved_cs_client;

--
-- Dumping data for table `news`
--

LOCK TABLES `news` WRITE;
/*!40000 ALTER TABLE `news` DISABLE KEYS */;
/*!40000 ALTER TABLE `news` ENABLE KEYS */;
UNLOCK TABLES;

--
-- Table structure for table `settings`
--

DROP TABLE IF EXISTS `settings`;
SET @saved_cs_client     = @@character_set_client;
SET character_set_client = utf8;
CREATE TABLE `settings` (
  `set_id` int(11) NOT NULL auto_increment,
  `set_name` varchar(255) NOT NULL,
  `set_value` text,
  PRIMARY KEY  (`set_id`),
  UNIQUE KEY `settings_set_name_key` (`set_name`)
) ENGINE=MyISAM AUTO_INCREMENT=6 DEFAULT CHARSET=utf8;
SET character_set_client = @saved_cs_client;

--
-- Dumping data for table `settings`
--

LOCK TABLES `settings` WRITE;
/*!40000 ALTER TABLE `settings` DISABLE KEYS */;
INSERT INTO `settings` VALUES (4,'theme','moderna'),(5,'index','/index.html');
/*!40000 ALTER TABLE `settings` ENABLE KEYS */;
UNLOCK TABLES;

--
-- Table structure for table `static_pages`
--

DROP TABLE IF EXISTS `static_pages`;
SET @saved_cs_client     = @@character_set_client;
SET character_set_client = utf8;
CREATE TABLE `static_pages` (
  `id` varchar(255) NOT NULL,
  `sp_title` text,
  `sp_meta` text,
  `sp_text` text,
  `sp_meta_descr` text,
  `sp_top_figure` text,
  `lastmodified` datetime default NULL,
  PRIMARY KEY  (`id`)
) ENGINE=MyISAM DEFAULT CHARSET=utf8;
SET character_set_client = @saved_cs_client;

--
-- Dumping data for table `static_pages`
--

LOCK TABLES `static_pages` WRITE;
/*!40000 ALTER TABLE `static_pages` DISABLE KEYS */;
INSERT INTO `static_pages` VALUES ('index','Alexander Afanasyev - Home Page','Alexander Afanasyev, UCLA, Computer Science Department, PhD student',NULL,NULL,NULL,'2009-12-28 01:51:12'),('bibwiki','Alexander Afanasyev - Publications',NULL,NULL,NULL,NULL,'2009-12-17 18:41:51'),('awards','Alexander Afanasyev - Awards',NULL,NULL,NULL,NULL,'2009-12-17 14:14:16'),('profile','Alexander Afanasyev - Profile',NULL,NULL,NULL,NULL,'2009-12-17 22:36:58'),('research','Alexander Afanasyev - Research Projects',NULL,NULL,NULL,NULL,'2009-12-17 22:01:52');
/*!40000 ALTER TABLE `static_pages` ENABLE KEYS */;
UNLOCK TABLES;

--
-- Table structure for table `texts`
--

DROP TABLE IF EXISTS `texts`;
SET @saved_cs_client     = @@character_set_client;
SET character_set_client = utf8;
CREATE TABLE `texts` (
  `id` int(11) NOT NULL auto_increment,
  `text` text,
  `lastmodified` datetime default NULL,
  `page_id` varchar(255) default NULL,
  `page_block` int(11) default NULL COMMENT '0 - main block, 1 - menu block',
  PRIMARY KEY  (`id`),
  KEY `texts_page_id` (`page_id`)
) ENGINE=MyISAM AUTO_INCREMENT=45 DEFAULT CHARSET=utf8;
SET character_set_client = @saved_cs_client;

--
-- Dumping data for table `texts`
--

LOCK TABLES `texts` WRITE;
/*!40000 ALTER TABLE `texts` DISABLE KEYS */;
INSERT INTO `texts` VALUES (33,'<p>\n	I was born in a small town called Liepaya that is situated on the shore of the Baltic Sea in Latvia.</p>\n<p>\n	I received my B.Tech. (бакалавр техники и технологий) and M.Tech. (магистр техники и технологий) degrees in Computer Science from <a href=\"http://www.bmstu.ru/english/common.html\" target=\"_blank\">Bauman Moscow State Technical University</a> (Московский Государственный Технический Университет им.Н.Э.Баумана, факультет Информатика и Системы Управления, <a href=\"http://iu4.bmstu.ru/\" target=\"_blank\">кафедра ИУ4</a>), Moscow, Russia in 2005 and 2007, respectively.</p>\n<p>\n	Currently I&#39;m working towards my Ph.D. degree in <a href=\"http://www.cs.ucla.edu\" target=\"_blank\">Computer Science at the University of California, Los Angeles</a> in the <a href=\"http://www.lasr.cs.ucla.edu\" target=\"_blank\">Laboratory for Advanced System Research</a>, advised by Drs. <a href=\"http://www.lasr.cs.ucla.edu/reiher.new/index2.html\" target=\"_blank\">Peter Reiher</a> and <a href=\"http://www.lk.cs.ucla.edu\" target=\"_blank\">Leonard Kleinrock</a>. My research interests include network systems, network security, mobile systems, multimedia systems, and peer-to-peer environments.</p>\n',NULL,'index',0),(34,'<h5 style=\"text-align: center; \">\n	<img alt=\"\" height=\"236\" src=\"/afanasyev/data/images/alexander_afanasyev.jpg\" width=\"200\" /></h5>\n<h5>\n	Alexander Afanasyev</h5>\n<p>\n	3564 Boelter Hall <br />\n	Computer Science Department <br />\n	University of California at Los Angeles (UCLA) <br />\n	Los Angeles, CA 90095</p>\n<p>\n	Email: <a href=\"http://mailhide.recaptcha.net/d?k=01AkOqvipc-oi-UdWJ2oFbkg==&amp;c=sEnupUlCKOR8Mzqg1Q6ri_0Zra6jA0FVck8jpf9dnV4=\" onclick=\"window.open(\'http://mailhide.recaptcha.net/d?k=01AkOqvipc-oi-UdWJ2oFbkg==&amp;c=sEnupUlCKOR8Mzqg1Q6ri_0Zra6jA0FVck8jpf9dnV4=\', \'\', \'toolbar=0,scrollbars=0,location=0,statusbar=0,menubar=0,resizable=0,width=500,height=300\'); return false;\" title=\"Reveal this e-mail address\">my email address</a> <br />\n	Phone: +1-310-825-8899 <br />\n	Fax: +1-310-825-7578</p>\n',NULL,'index',1),(35,'<h5>\n	Alexander Afanasyev</h5>\n<p>\n	3564 Boelter Hall <br />\n	Computer Science Department <br />\n	University of California at Los Angeles (UCLA) <br />\n	Los Angeles, CA 90095</p>\n<p>\n	Email: <a href=\"http://mailhide.recaptcha.net/d?k=01AkOqvipc-oi-UdWJ2oFbkg==&amp;c=sEnupUlCKOR8Mzqg1Q6ri_0Zra6jA0FVck8jpf9dnV4=\" onclick=\"window.open(\'http://mailhide.recaptcha.net/d?k=01AkOqvipc-oi-UdWJ2oFbkg==&amp;c=sEnupUlCKOR8Mzqg1Q6ri_0Zra6jA0FVck8jpf9dnV4=\', \'\', \'toolbar=0,scrollbars=0,location=0,statusbar=0,menubar=0,resizable=0,width=500,height=300\'); return false;\" title=\"Reveal this e-mail address\">my email address</a> <br />\n	Phone: +1-310-825-8899 <br />\n	Fax: +1-310-825-7578</p>\n',NULL,'profile',1),(36,'<h5>\n	Alexander Afanasyev</h5>\n<p>\n	3564 Boelter Hall <br />\n	Computer Science Department <br />\n	University of California at Los Angeles (UCLA) <br />\n	Los Angeles, CA 90095</p>\n<p>\n	Email: <a href=\"http://mailhide.recaptcha.net/d?k=01AkOqvipc-oi-UdWJ2oFbkg==&amp;c=sEnupUlCKOR8Mzqg1Q6ri_0Zra6jA0FVck8jpf9dnV4=\" onclick=\"window.open(\'http://mailhide.recaptcha.net/d?k=01AkOqvipc-oi-UdWJ2oFbkg==&amp;c=sEnupUlCKOR8Mzqg1Q6ri_0Zra6jA0FVck8jpf9dnV4=\', \'\', \'toolbar=0,scrollbars=0,location=0,statusbar=0,menubar=0,resizable=0,width=500,height=300\'); return false;\" title=\"Reveal this e-mail address\">my email address</a> <br />\n	Phone: +1-310-825-8899 <br />\n	Fax: +1-310-825-7578</p>\n',NULL,'awards',1),(37,'<h5>\n	Alexander Afanasyev</h5>\n<p>\n	3564 Boelter Hall <br />\n	Computer Science Department <br />\n	University of California at Los Angeles (UCLA) <br />\n	Los Angeles, CA 90095</p>\n<p>\n	Email: <a href=\"http://mailhide.recaptcha.net/d?k=01AkOqvipc-oi-UdWJ2oFbkg==&amp;c=sEnupUlCKOR8Mzqg1Q6ri_0Zra6jA0FVck8jpf9dnV4=\" onclick=\"window.open(\'http://mailhide.recaptcha.net/d?k=01AkOqvipc-oi-UdWJ2oFbkg==&amp;c=sEnupUlCKOR8Mzqg1Q6ri_0Zra6jA0FVck8jpf9dnV4=\', \'\', \'toolbar=0,scrollbars=0,location=0,statusbar=0,menubar=0,resizable=0,width=500,height=300\'); return false;\" title=\"Reveal this e-mail address\">my email address</a> <br />\n	Phone: +1-310-825-8899 <br />\n	Fax: +1-310-825-7578</p>\n',NULL,'bibwiki',1),(38,'<div id=\"bd\">\n	<div id=\"yui-main\">\n		<div class=\"yui-b\">\n			<div class=\"yui-gf\">\n				<div class=\"yui-u first\">\n					<h2>\n						Personal</h2>\n				</div>\n				<div class=\"yui-u\">\n					<p>\n						Born on June 27, 1983, Liepaya, Latvia.<br />\n						Hobbies: jogging; racquetball; hiking; guitar-playing; traveling.<br />\n						Member: ACM, IEEE Student Member, IEEE Computer Society</p>\n				</div>\n			</div>\n<!--// .yui-gf -->			<div class=\"yui-gf\">\n				<div class=\"yui-u first\">\n					<h2>\n						Education</h2>\n				</div>\n				<div class=\"yui-u\">\n					<div class=\"job\">\n						<h4>\n							2008&ndash;present time</h4>\n						<h2>\n							Ph.D. in Computer Science</h2>\n						<p>\n							<a href=\"http://www.ucla.edu/\" target=\"_blank\">University of California, Los Angeles</a><br />\n							<a href=\"http://www.cs.ucla.edu\">Computer Science Department</a></p>\n						<p>\n							GPA 4.0/4.0</p>\n					</div>\n					<div class=\"job\">\n						<h4>\n							2005&ndash;2007</h4>\n						<h2>\n							Masters in Electrical Engineering<br />\n							(Магистр техники и технологий по направлению &quot;Информатика и системы управления&quot;)</h2>\n						<p>\n							<a href=\"http://iu4.bmstu.ru/\" target=\"_blank\">Bauman Moscow State Technical University</a>, Moscow, Russia</p>\n						<p>\n							GPA 5.0/5.0</p>\n					</div>\n					<div class=\"job\">\n						<h4>\n							2001&ndash;2005</h4>\n						<h2>\n							Bachelor in Computer Engineering<br />\n							(Бакалавр техники и технологий по направлению &quot;Информатика и системы управления&quot;)</h2>\n						<p>\n							<a href=\"http://iu4.bmstu.ru/\" target=\"_blank\">Bauman Moscow State Technical University</a>, Moscow, Russia</p>\n						<p>\n							GPA 4.98/5.0</p>\n					</div>\n					<div class=\"job last\">\n						<h4>\n							2001</h4>\n						<h2>\n							High School</h2>\n						<p>\n							The 2nd Liepaya Secondary School named after Alexander Pushkin, Liepaya, Latvia</p>\n					</div>\n				</div>\n			</div>\n			<div class=\"yui-gf\">\n				<div class=\"yui-u first\">\n					<h2>\n						Research Experience</h2>\n				</div>\n<!--// .yui-u -->				<div class=\"yui-u\">\n					<div class=\"job\">\n						<h4>\n							2008&ndash;Present</h4>\n						<h2>\n							Graduate Student Researcher</h2>\n						<h3>\n							<a href=\"http://www.cs.ucla.edu\" target=\"_blank\">University of California, Los Angeles, Computer Science Department</a></h3>\n					</div>\n					<div class=\"job\">\n						<h4>\n							2006-2008</h4>\n						<h2>\n							Researcher, System Architect</h2>\n						<h3>\n							<a href=\"http://www.tsystems.su\" target=\"_blank\">JSC &quot;Technological Systems&quot;, Moscow, Russia</a></h3>\n					</div>\n					<div class=\"job last\">\n						<h4>\n							2002-2007</h4>\n						<h2>\n							Research Assistant</h2>\n						<h3>\n							<a href=\"http://iu4.bmstu.ru/\" target=\"_blank\">Bauman Moscow State Technical University</a>, Moscow, Russia</h3>\n					</div>\n				</div>\n			</div>\n			<div class=\"yui-gf\">\n				<div class=\"yui-u first\">\n					<h2>\n						Teaching Experience</h2>\n				</div>\n<!--// .yui-u -->				<div class=\"yui-u\">\n					<div class=\"job\">\n						<h4>\n							2007</h4>\n						<h2>\n							Teaching Assistant</h2>\n						<h3>\n							<a href=\"http://iu4.bmstu.ru/\" target=\"_blank\">Bauman Moscow State Technical University</a>, Moscow, Russia</h3>\n						<p>\n							&quot;System programming&quot; courses</p>\n					</div>\n				</div>\n				<div class=\"yui-u\">\n					<div class=\"job\">\n						<h4>\n							2004</h4>\n						<h2>\n							Teaching Assistant</h2>\n						<h3>\n							<a href=\"http://www.redcenter.ru\" target=\"_blank\">Authorized Corporate Teaching Center &quot;Redcenter&quot;</a>, Moscow, Russia</h3>\n						<p>\n							&quot;Advanced Linux&quot;&quot; courses</p>\n					</div>\n				</div>\n				<div class=\"yui-u\">\n					<div class=\"job last\">\n						<h4>\n							2003</h4>\n						<h2>\n							Teaching Assistant</h2>\n						<h3>\n							<a href=\"http://iu4.bmstu.ru/\" target=\"_blank\">Bauman Moscow State Technical University</a>, Moscow, Russia</h3>\n						<p>\n							&quot;System programming&quot; courses</p>\n					</div>\n				</div>\n			</div>\n			<div class=\"yui-gf last\">\n				<div class=\"yui-u first\">\n					<h2>\n						Professional Experience</h2>\n				</div>\n<!--// .yui-u -->				<div class=\"yui-u\">\n					<div class=\"job\">\n						<h4>\n							2006-2008</h4>\n						<h2>\n							System Architect</h2>\n						<h3>\n							<a href=\"http://www.tsystems.su\" target=\"_blank\">JSC &quot;Technological Systems&quot;, Moscow, Russia</a></h3>\n					</div>\n				</div>\n				<div class=\"yui-u\">\n					<div class=\"job\">\n						<h4>\n							2005-2007</h4>\n						<h2>\n							Software Developer</h2>\n						<h3>\n							<a href=\"http://www.videofonmv.ru\" target=\"_blank\">JSC &quot;Videofon MV&quot;</a>, Moscow, Russia</h3>\n					</div>\n				</div>\n				<div class=\"yui-u\">\n					<div class=\"job last\">\n						<h4>\n							2002-2005</h4>\n						<h2>\n							Principal Engineer</h2>\n						<h3>\n							<a href=\"http://www.rtisystems.ru/\" target=\"_blank\">JSC &ldquo;Concern of &ldquo;Radiotechnical and Informational Systems&rdquo;</a>, Moscow, Russia</h3>\n					</div>\n				</div>\n			</div>\n<!--// .yui-b -->		</div>\n<!--// yui-main -->	</div>\n<!--// bd --></div>\n',NULL,'profile',0),(39,'<div id=\"bd\">\n	<div id=\"yui-main\">\n		<div class=\"yui-b\">\n			<div class=\"yui-gf\">\n				<div class=\"yui-u first\">\n					<h2>\n						Awards</h2>\n				</div>\n<!--// .yui-u -->				<div class=\"yui-u\">\n					<div class=\"job\">\n						<h4>\n							2007</h4>\n						<h3>\n							<strong>Grant</strong> of the Joint Stock Finance Corporation SISTEMA to Young Scientists, Moscow, Russia</h3>\n					</div>\n				</div>\n				<div class=\"yui-u\">\n					<div class=\"job\">\n						<h4>\n							2006</h4>\n						<h3>\n							<strong>Medal</strong> of the Open Contest for the Best Students Scientific Project in Natural Sciences, Engineering and Humanities in Russian Federation Universities, Moscow, Russia</h3>\n					</div>\n				</div>\n				<div class=\"yui-u\">\n					<div class=\"job\">\n						<h4>\n							2006</h4>\n						<h3>\n							<strong>Grant</strong> of the All-Russian Open Contest &quot;Teaching New Technologies to the Youth&quot;, Moscow, Russia</h3>\n					</div>\n				</div>\n				<div class=\"yui-u\">\n					<div class=\"job\">\n						<h4>\n							2006</h4>\n						<h3>\n							<a class=\"smoothbox\" href=\"/data/images/diploma_msu.jpg\"><strong>Winner Diploma</strong> of &quot;The All Russia Competition of Innovative Projects&quot;, Moscow, Russia</a></h3>\n					</div>\n				</div>\n				<div class=\"yui-u\">\n					<div class=\"job\">\n						<h4>\n							2006-2007</h4>\n						<h3>\n							<strong>Fellowship</strong> of Russian Federation Government</h3>\n					</div>\n				</div>\n				<div class=\"yui-u\">\n					<div class=\"job\">\n						<h4>\n							2005</h4>\n						<h3>\n							<a class=\"smoothbox\" href=\"/data/images/diploma_informika.jpg\"><strong>First Degree Diploma</strong> of the All-Russia Competition of Innovative Projects of Graduate Students in Priority Science and Technique Development Field &quot;Informational and Telecommunication Systems&quot;, Moscow, Russia</a></h3>\n					</div>\n				</div>\n				<div class=\"yui-u\">\n					<div class=\"job\">\n						<h4>\n							2005-2006</h4>\n						<h3>\n							<a class=\"smoothbox\" href=\"/data/images/bmstu_fellowship.jpg\"><strong>Fellowship</strong> of Imperator Technical High School Club</a></h3>\n					</div>\n				</div>\n				<div class=\"yui-u\">\n					<div class=\"job\">\n						<h4>\n							2004-2005</h4>\n						<h3>\n							<a class=\"smoothbox\" href=\"/data/images/afk_fellowship.jpg\"><strong>Fellowship</strong> of Joint Stock Finance Corporation SISTEMA for Academic Year</a></h3>\n					</div>\n				</div>\n				<div class=\"yui-u\">\n					<div class=\"job\">\n						<h4>\n							2004-2005</h4>\n						<h3>\n							<a class=\"smoothbox\" href=\"/data/images/RF_government_fellowship.jpg\"><strong>Fellowship</strong> of Russian Federation Government for Academic Year</a></h3>\n					</div>\n				</div>\n				<div class=\"yui-u\">\n					<div class=\"job\">\n						<h4>\n							2004</h4>\n						<h3>\n							<a class=\"smoothbox\" href=\"/data/images/diploma_mosenergo.jpg\"><strong>Winner Diploma</strong> of &quot;The Open Competition of the &quot;Mosenergo&quot; Company for The Best Thesis and Research Projects of Russian High School Students&quot;, Moscow, Russia</a></h3>\n					</div>\n				</div>\n				<div class=\"yui-u\">\n					<div class=\"job\">\n						<h4>\n							2003</h4>\n						<h3>\n							<a class=\"smoothbox\" href=\"/data/images/diploma_yershovo.jpg\"><strong>Winner Diploma</strong> of &quot;The All-Russia Competition for the Best Student&#39;s Engineering and Innovative Research Projects in Natural Sciences, Engineering and Humanities&quot;, Moscow, Russia</a></h3>\n					</div>\n				</div>\n				<div class=\"yui-u last\">\n					<div class=\"job last\">\n						<h4>\n							2003</h4>\n						<h3>\n							<a class=\"smoothbox\" href=\"/data/images/diploma_minobr.jpg\"><strong>Laureate Diploma</strong> of &quot;The All Russia Selection Competition for The Best Student&#39;s Engineering and Innovative Research Projects in Natural Sciences, Engineering and Humanities&quot;, Moscow, Russia</a></h3>\n					</div>\n				</div>\n			</div>\n		</div>\n	</div>\n<!--// bd --></div>\n',NULL,'awards',0),(40,'<h5>\n	A Survey of Host-to-Host Congestion Control for TCP</h5>\n<p>\n	A survey of various congestion control proposals that preserve the original host-to-host idea of TCP--namely, that neither sender nor receiver relies on any explicit notification from the network. The proposed solutions focus on a variety of problems, starting with the basic problem of eliminating the phenomenon of congestion collapse, and also include the problems of effectively using the available network resources in different types of environments (wired, wireless, high-speed, long-delay, etc.). In a shared, highly distributed, and heterogeneous environment such as the Internet, effective network use depends not only on how well a single TCP-based application can utilize the network capacity, but also on how well it cooperates with other applications transmitting data through the same network. Our survey shows that over the last 20 years many host-to-host techniques have been developed that address several problems with different levels of reliability and precision. There have been enhancements allowing senders to detect fast packet losses and route changes. Other techniques have the ability to estimate the loss rate, the bottleneck buffer size, and level of congestion. The survey describes each congestion control alternative, its strengths and its weaknesses. Additionally, techniques that are in common use or available for testing are described. <a href=\"/data/files/Afanasyev/Host-to-host%20congestion%20control%20for%20TCP.pdf\">[PDF]</a></p>\n<h5>\n	<a href=\"http://lasr.cs.ucla.edu/afanasyev/09-routing-map/\" target=\"_blank\">Geographic approximation of IP prefix usage</a></h5>\n<p>\n	In examining the global routing table content, we have conducted a country-based analysis of the distribution of globally announced IP prefixes. Fixed-time snapshots point out the major contributors to the global routing table and give an understanding of the Internet&#39;s penetration globally. Country assignments for IP prefixes are taken from RIR data, which provide enough precision for a global-scale analysis.</p>\n',NULL,'research',0),(41,NULL,NULL,'bibwiki',0),(42,'<p>\n	<a href=\"keywords/\">Keywords<br />\n	</a></p>\n<p>\n	<a href=\"users/\">Users<br />\n	</a></p>\n<p>\n	<a href=\"staticPages/\">List of static pages<br />\n	</a></p>\n<p>\n	&nbsp;</p>\n<p>\n	<a href=\"login/logout\">Logout<br />\n	</a></p>\n',NULL,'admin',1),(43,'<h5>\n	Alexander Afanasyev</h5>\n<p>\n	3564 Boelter Hall <br />\n	Computer Science Department <br />\n	University of California at Los Angeles (UCLA) <br />\n	Los Angeles, CA 90095</p>\n<p>\n	Email: <a href=\"http://mailhide.recaptcha.net/d?k=01AkOqvipc-oi-UdWJ2oFbkg==&amp;c=sEnupUlCKOR8Mzqg1Q6ri_0Zra6jA0FVck8jpf9dnV4=\" onclick=\"window.open(\'http://mailhide.recaptcha.net/d?k=01AkOqvipc-oi-UdWJ2oFbkg==&amp;c=sEnupUlCKOR8Mzqg1Q6ri_0Zra6jA0FVck8jpf9dnV4=\', \'\', \'toolbar=0,scrollbars=0,location=0,statusbar=0,menubar=0,resizable=0,width=500,height=300\'); return false;\" title=\"Reveal this e-mail address\">my email address</a> <br />\n	Phone: +1-310-825-8899 <br />\n	Fax: +1-310-825-7578</p>\n',NULL,'research',1),(44,'<p>\n	&nbsp;</p>\n<p>\n	&nbsp;</p>\n<p>\n	&nbsp;</p>\n<p>\n	&nbsp;</p>\n<p>\n	&nbsp;</p>',NULL,'admin',0);
/*!40000 ALTER TABLE `texts` ENABLE KEYS */;
UNLOCK TABLES;

--
-- Table structure for table `texts_history`
--

DROP TABLE IF EXISTS `texts_history`;
SET @saved_cs_client     = @@character_set_client;
SET character_set_client = utf8;
CREATE TABLE `texts_history` (
  `id` int(11) NOT NULL auto_increment,
  `text_id` int(11) default NULL,
  `modified` datetime default NULL,
  `text` text,
  PRIMARY KEY  (`id`)
) ENGINE=MyISAM AUTO_INCREMENT=68 DEFAULT CHARSET=utf8;
SET character_set_client = @saved_cs_client;

--
-- Dumping data for table `texts_history`
--

LOCK TABLES `texts_history` WRITE;
/*!40000 ALTER TABLE `texts_history` DISABLE KEYS */;
INSERT INTO `texts_history` VALUES (24,34,'2009-12-16 20:11:53','<h1>\n	Alexander Afanasyev</h1>\n<p>\n	3564 Boelter Hall <br />\n	Computer Science Department <br />\n	University of California at Los Angeles (UCLA) <br />\n	Los Angeles, CA 90095</p>\n<p>\n	Email: <a href=\"http://mailhide.recaptcha.net/d?k=01AkOqvipc-oi-UdWJ2oFbkg==&amp;c=sEnupUlCKOR8Mzqg1Q6ri_0Zra6jA0FVck8jpf9dnV4=\" onclick=\"window.open(\'http://mailhide.recaptcha.net/d?k=01AkOqvipc-oi-UdWJ2oFbkg==&amp;c=sEnupUlCKOR8Mzqg1Q6ri_0Zra6jA0FVck8jpf9dnV4=\', \'\', \'toolbar=0,scrollbars=0,location=0,statusbar=0,menubar=0,resizable=0,width=500,height=300\'); return false;\" title=\"Reveal this e-mail address\">my email address</a> <br />\n	Phone: +1-310-825-8899 <br />\n	Fax: +1-310-825-7578</p>\n'),(25,34,'2009-12-16 20:13:36','<h2>\n	Contacts</h2>\n<p>\n	3564 Boelter Hall <br />\n	Computer Science Department <br />\n	University of California at Los Angeles (UCLA) <br />\n	Los Angeles, CA 90095</p>\n<p>\n	Email: <a href=\"http://mailhide.recaptcha.net/d?k=01AkOqvipc-oi-UdWJ2oFbkg==&amp;c=sEnupUlCKOR8Mzqg1Q6ri_0Zra6jA0FVck8jpf9dnV4=\" onclick=\"window.open(\'http://mailhide.recaptcha.net/d?k=01AkOqvipc-oi-UdWJ2oFbkg==&amp;c=sEnupUlCKOR8Mzqg1Q6ri_0Zra6jA0FVck8jpf9dnV4=\', \'\', \'toolbar=0,scrollbars=0,location=0,statusbar=0,menubar=0,resizable=0,width=500,height=300\'); return false;\" title=\"Reveal this e-mail address\">my email address</a> <br />\n	Phone: +1-310-825-8899 <br />\n	Fax: +1-310-825-7578</p>\n'),(26,34,'2009-12-16 20:15:35','<h5>\n	Contacts</h5>\n<p>\n	3564 Boelter Hall <br />\n	Computer Science Department <br />\n	University of California at Los Angeles (UCLA) <br />\n	Los Angeles, CA 90095</p>\n<p>\n	Email: <a href=\"http://mailhide.recaptcha.net/d?k=01AkOqvipc-oi-UdWJ2oFbkg==&amp;c=sEnupUlCKOR8Mzqg1Q6ri_0Zra6jA0FVck8jpf9dnV4=\" onclick=\"window.open(\'http://mailhide.recaptcha.net/d?k=01AkOqvipc-oi-UdWJ2oFbkg==&amp;c=sEnupUlCKOR8Mzqg1Q6ri_0Zra6jA0FVck8jpf9dnV4=\', \'\', \'toolbar=0,scrollbars=0,location=0,statusbar=0,menubar=0,resizable=0,width=500,height=300\'); return false;\" title=\"Reveal this e-mail address\">my email address</a> <br />\n	Phone: +1-310-825-8899 <br />\n	Fax: +1-310-825-7578</p>\n'),(27,33,'2009-12-17 05:10:40','<p>\n	I was born in a small town called Liepaya that is situated on the shore of the Baltic Sea in Latvia.</p>\n<p>\n	I received my B.Tech. (бакалавр технологий) and M.Tech. (магистр технологий) degrees in Computer Science from <a href=\"http://www.bmstu.ru/english/common.html\" target=\"_blank\">Bauman Moscow State Technical University</a> (Московский Государственный Технический Университет им.Н.Э.Баумана, факультет Информатика и Системы Управления, <a href=\"http://iu4.bmstu.ru/\" target=\"_blank\">кафедра ИУ4</a>), Moscow, Russia in 2005 and 2007, respectively.</p>\n<p>\n	Currently I&#39;m working towards my Ph.D. degree in <a href=\"http://www.cs.ucla.edu\" target=\"_blank\">Computer Science at the University of California, Los Angeles</a> in the <a href=\"http://www.lasr.cs.ucla.edu\" target=\"_blank\">Laboratory for Advanced System Research</a>, advised by Drs. <a href=\"http://www.lasr.cs.ucla.edu/reiher.new/index2.html\" target=\"_blank\">Peter Reiher</a> and <a href=\"http://www.lk.cs.ucla.edu\" target=\"_blank\">Leonard Kleinrock</a>. My research interests include network systems, network security, mobile systems, multimedia systems, and peer-to-peer environments.</p>\n'),(28,33,'2009-12-17 05:11:49','<p>\n	<img align=\"right\" alt=\"Alexander Afanasyev\" height=\"291\" src=\"/images/alexander_afanasyev.jpeg\" style=\"margin-left: 10px; margin-bottom: 10px;\" width=\"300\" />I was born in a small town called Liepaya that is situated on the shore of the Baltic Sea in Latvia.</p>\n<p>\n	I received my B.Tech. (бакалавр технологий) and M.Tech. (магистр технологий) degrees in Computer Science from <a href=\"http://www.bmstu.ru/english/common.html\" target=\"_blank\">Bauman Moscow State Technical University</a> (Московский Государственный Технический Университет им.Н.Э.Баумана, факультет Информатика и Системы Управления, <a href=\"http://iu4.bmstu.ru/\" target=\"_blank\">кафедра ИУ4</a>), Moscow, Russia in 2005 and 2007, respectively.</p>\n<p>\n	Currently I&#39;m working towards my Ph.D. degree in <a href=\"http://www.cs.ucla.edu\" target=\"_blank\">Computer Science at the University of California, Los Angeles</a> in the <a href=\"http://www.lasr.cs.ucla.edu\" target=\"_blank\">Laboratory for Advanced System Research</a>, advised by Drs. <a href=\"http://www.lasr.cs.ucla.edu/reiher.new/index2.html\" target=\"_blank\">Peter Reiher</a> and <a href=\"http://www.lk.cs.ucla.edu\" target=\"_blank\">Leonard Kleinrock</a>. My research interests include network systems, network security, mobile systems, multimedia systems, and peer-to-peer environments.</p>\n'),(29,38,'2009-12-17 05:42:23','<div id=\"bd\">\n	<div id=\"yui-main\">\n		<div class=\"yui-b\">\n			<div class=\"yui-gf\">\n				<div class=\"yui-u first\">\n					<h2>\n						Personal</h2>\n				</div>\n				<div class=\"yui-u\">\n					<p>\n						Born on June 17, 1983, Liepaya, Latvia.<br />\n						Hobbies: jogging; racquetball; hiking; guitar-playing; traveling.</p>\n				</div>\n			</div>\n<!--// .yui-gf -->			<div class=\"yui-gf\">\n				<div class=\"yui-u first\">\n					<h2>\n						Education</h2>\n				</div>\n				<div class=\"yui-u\">\n					<div class=\"job\">\n						<h2>\n							Ph.D. in Computer Science</h2>\n						<h4>\n							2008&ndash;present time</h4>\n						<p>\n							<a href=\"http://www.ucla.edu/\" target=\"_blank\">University of California, Los Angeles</a><br />\n							<a href=\"http://www.cs.ucla.edu\">Computer Science Department</a></p>\n					</div>\n					<div class=\"job\">\n						<h2>\n							Masters in Electrical Engineering (Магистр техники и технологий по направлению &quot;Информатика и системы управления&quot;)</h2>\n						<h4>\n							2005&ndash;2007</h4>\n						<p>\n							<a href=\"http://www.mit.edu/\" target=\"_blank\">Massachusetts Institute of Technology</a></p>\n					</div>\n					<div class=\"job\">\n						<h2>\n							Bachelor in Computer Engineering (Бакалавр техники и технологий по направлению &quot;Информатика и системы управления&quot;)</h2>\n						<h4>\n							2001&ndash;2005</h4>\n						<p>\n							<a href=\"http://www1.ccny.cuny.edu/index.cfm\" target=\"_blank\">Bauman Moscow State Technical University</a>, Moscow, Russia</p>\n					</div>\n					<div class=\"job last\">\n						<h2>\n							High School</h2>\n						<h4>\n							2001</h4>\n						<p>\n							The 2nd Liepaya Secondary School named after Alexander Pushkin, Liepaya, Latvia</p>\n					</div>\n				</div>\n			</div>\n		</div>\n	</div>\n</div>\n'),(30,38,'2009-12-17 05:56:43','<div id=\"bd\">\n	<div id=\"yui-main\">\n		<div class=\"yui-b\">\n			<div class=\"yui-gf\">\n				<div class=\"yui-u first\">\n					<h2>\n						Personal</h2>\n				</div>\n				<div class=\"yui-u\">\n					<p>\n						Born on June 17, 1983, Liepaya, Latvia.<br />\n						Hobbies: jogging; racquetball; hiking; guitar-playing; traveling.</p>\n				</div>\n			</div>\n<!--// .yui-gf -->			<div class=\"yui-gf\">\n				<div class=\"yui-u first\">\n					<h2>\n						Education</h2>\n				</div>\n				<div class=\"yui-u\">\n					<div class=\"job\">\n						<h2>\n							Ph.D. in Computer Science</h2>\n						<h4>\n							2008&ndash;present time</h4>\n						<p>\n							<a href=\"http://www.ucla.edu/\" target=\"_blank\">University of California, Los Angeles</a><br />\n							<a href=\"http://www.cs.ucla.edu\">Computer Science Department</a></p>\n					</div>\n					<div class=\"job\">\n						<h2>\n							Masters in Electrical Engineering<br />\n							(Магистр техники и технологий по направлению &quot;Информатика и системы управления&quot;)</h2>\n						<h4>\n							2005&ndash;2007</h4>\n						<p>\n							<a href=\"http://iu4.bmstu.ru/\" target=\"_blank\">Bauman Moscow State Technical University</a>, Moscow, Russia</p>\n					</div>\n					<div class=\"job\">\n						<h2>\n							Bachelor in Computer Engineering (Бакалавр техники и технологий по направлению &quot;Информатика и системы управления&quot;)</h2>\n						<h4>\n							2001&ndash;2005</h4>\n						<p>\n							<a href=\"http://iu4.bmstu.ru/\" target=\"_blank\">Bauman Moscow State Technical University</a>, Moscow, Russia</p>\n					</div>\n					<div class=\"job last\">\n						<h2>\n							High School</h2>\n						<h4>\n							2001</h4>\n						<p>\n							The 2nd Liepaya Secondary School named after Alexander Pushkin, Liepaya, Latvia</p>\n					</div>\n				</div>\n			</div>\n		</div>\n	</div>\n</div>\n'),(31,38,'2009-12-17 06:02:18','<div id=\"bd\">\n	<div id=\"yui-main\">\n		<div class=\"yui-b\">\n			<div class=\"yui-gf\">\n				<div class=\"yui-u first\">\n					<h2>\n						Personal</h2>\n				</div>\n				<div class=\"yui-u\">\n					<p>\n						Born on June 17, 1983, Liepaya, Latvia.<br />\n						Hobbies: jogging; racquetball; hiking; guitar-playing; traveling.</p>\n				</div>\n			</div>\n<!--// .yui-gf -->			<div class=\"yui-gf\">\n				<div class=\"yui-u first\">\n					<h2>\n						Education</h2>\n				</div>\n				<div class=\"yui-u\">\n					<div class=\"job\">\n						<h2>\n							Ph.D. in Computer Science</h2>\n						<h4>\n							2008&ndash;present time</h4>\n						<p>\n							<a href=\"http://www.ucla.edu/\" target=\"_blank\">University of California, Los Angeles</a><br />\n							<a href=\"http://www.cs.ucla.edu\">Computer Science Department</a></p>\n					</div>\n					<div class=\"job\">\n						<h2>\n							Masters in Electrical Engineering<br />\n							(Магистр техники и технологий по направлению &quot;Информатика и системы управления&quot;)</h2>\n						<h4>\n							2005&ndash;2007</h4>\n						<p>\n							<a href=\"http://iu4.bmstu.ru/\" target=\"_blank\">Bauman Moscow State Technical University</a>, Moscow, Russia</p>\n					</div>\n					<div class=\"job\">\n						<h2>\n							Bachelor in Computer Engineering<br />\n							(Бакалавр техники и технологий по направлению &quot;Информатика и системы управления&quot;)</h2>\n						<h4>\n							2001&ndash;2005</h4>\n						<p>\n							<a href=\"http://iu4.bmstu.ru/\" target=\"_blank\">Bauman Moscow State Technical University</a>, Moscow, Russia</p>\n					</div>\n					<div class=\"job last\">\n						<h2>\n							High School</h2>\n						<h4>\n							2001</h4>\n						<p>\n							The 2nd Liepaya Secondary School named after Alexander Pushkin, Liepaya, Latvia</p>\n					</div>\n				</div>\n			</div>\n			<div class=\"yui-gf\">\n				<div class=\"yui-u first\">\n					<h2>\n						Research Experience</h2>\n				</div>\n<!--// .yui-u -->				<div class=\"yui-u\">\n					<div class=\"job\">\n						<h2>\n							Graduate Student Researcher</h2>\n						<h4>\n							2008&ndash;Present</h4>\n						<h3>\n							<a href=\"http://www.cs.ucla.edu\" target=\"_blank\">University of California, Los Angeles, Computer Science Department</a></h3>\n					</div>\n					<div class=\"job\">\n						<h2>\n							Researcher, System Architect</h2>\n						<h4>\n							2006-2008</h4>\n						<h3>\n							<a href=\"http://www.tsystems.su\" target=\"_blank\">JSC &quot;Technological Systems&quot;, Moscow, Russia</a></h3>\n					</div>\n					<div class=\"job last\">\n						<h2>\n							Research Assistant</h2>\n						<h3>\n							<a href=\"http://iu4.bmstu.ru/\" target=\"_blank\">Bauman Moscow State Technical University</a>, Moscow, Russia</h3>\n						<h4>\n							2002-2007</h4>\n					</div>\n				</div>\n			</div>\n			<div class=\"yui-gf\">\n				<div class=\"yui-u first\">\n					<h2>\n						Teaching Experience</h2>\n				</div>\n<!--// .yui-u -->				<div class=\"yui-u\">\n					<div class=\"job\">\n						<h2>\n							Teaching Assistant</h2>\n						<h4>\n							2007</h4>\n						<h3>\n							<a href=\"http://iu4.bmstu.ru/\" target=\"_blank\">Bauman Moscow State Technical University</a>, Moscow, Russia</h3>\n						<p>\n							&quot;System programming&quot; courses</p>\n					</div>\n				</div>\n				<div class=\"yui-u\">\n					<div class=\"job\">\n						<h2>\n							Teaching Assistant</h2>\n						<h4>\n							2004</h4>\n						<h3>\n							<a href=\"http://www.redcenter.ru\" target=\"_blank\">Authorized Corporate Teaching Center &quot;Redcenter&quot;</a>, Moscow, Russia</h3>\n						<p>\n							&quot;Advanced Linux&quot;&quot; courses</p>\n					</div>\n				</div>\n				<div class=\"yui-u\">\n					<div class=\"job last\">\n						<h2>\n							Teaching Assistant</h2>\n						<h4>\n							2003</h4>\n						<h3>\n							<a href=\"http://iu4.bmstu.ru/\" target=\"_blank\">Bauman Moscow State Technical University</a>, Moscow, Russia</h3>\n						<p>\n							&quot;System programming&quot; courses</p>\n					</div>\n				</div>\n			</div>\n			<div class=\"yui-gf last\">\n				<div class=\"yui-u first\">\n					<h2>\n						Professional Experience</h2>\n				</div>\n<!--// .yui-u -->				<div class=\"yui-u\">\n					<div class=\"job\">\n						<h2>\n							System Architect</h2>\n						<h4>\n							2006-2008</h4>\n						<h3>\n							<a href=\"http://www.tsystems.su\" target=\"_blank\">JSC &quot;Technological Systems&quot;, Moscow, Russia</a></h3>\n					</div>\n				</div>\n				<div class=\"yui-u\">\n					<div class=\"job\">\n						<h2>\n							Software Developer</h2>\n						<h4>\n							2005-2007</h4>\n						<h3>\n							<a href=\"http://www.videofonmv.ru\" target=\"_blank\">JSC &quot;Videofon MV&quot;</a>, Moscow, Russia</h3>\n					</div>\n				</div>\n				<div class=\"yui-u\">\n					<div class=\"job last\">\n						<h2>\n							Principal Engineer</h2>\n						<h4>\n							2002-2005</h4>\n						<h3>\n							<a href=\"http://www.rtisystems.ru/\" target=\"_blank\">JSC &ldquo;Concern of &ldquo;Radiotechnical and Informational Systems&rdquo;</a>, Moscow, Russia</h3>\n					</div>\n				</div>\n			</div>\n<!--// .yui-b -->		</div>\n<!--// yui-main -->	</div>\n<!--// bd --></div>\n'),(32,38,'2009-12-17 06:03:43','<div id=\"bd\">\n<div id=\"yui-main\">\n<div class=\"yui-b\">\n<div class=\"yui-gf\">\n	<div class=\"yui-u first\">\n		<h2>Personal</h2>\n	</div>\n	<div class=\"yui-u\">\n		<p>\n			Born on June 17, 1983, Liepaya, Latvia.<br />\n\n			Hobbies: jogging; racquetball; hiking; guitar-playing; traveling.</p>\n	</div>\n</div>\n\n<!--// .yui-gf -->					\n<div class=\"yui-gf\">\n	<div class=\"yui-u first\">\n		<h2>Education</h2>\n	</div>\n\n	<div class=\"yui-u\">\n		<div class=\"job\">\n			<h4>2008–present time</h4>\n			<h2>Ph.D. in Computer Science</h2>\n			<p>\n				<a href=\"http://www.ucla.edu/\" target=\"_blank\">University of California, Los Angeles</a><br/> <a href=\"http://www.cs.ucla.edu\">Computer Science Department</a></p>\n\n		</div>\n		<div class=\"job\">\n			<h4>2005–2007</h4>\n			<h2>\n				Masters in Electrical Engineering<br />\n				(Магистр техники и технологий по направлению \"Информатика и системы управления\")</h2>\n			<p>\n			<a href=\"http://iu4.bmstu.ru/\" target=\"_blank\">Bauman Moscow State Technical University</a>, Moscow, Russia</p>\n\n		</div>\n		<div class=\"job\">\n			<h4>\n				2001–2005</h4>\n			<h2>\n				Bachelor in Computer Engineering<br />\n				(Бакалавр техники и технологий по направлению \"Информатика и системы управления\")</h2>\n			<p>\n				<a href=\"http://iu4.bmstu.ru/\" target=\"_blank\">Bauman Moscow State Technical University</a>, Moscow, Russia</p>\n\n		</div>\n		<div class=\"job last\">\n			<h4>\n				2001</h4>\n			<h2>\n				High School</h2>\n			<p>The 2nd Liepaya Secondary School named after Alexander Pushkin, Liepaya, Latvia</p>\n\n		</div>\n\n\n	</div>\n</div>\n\n<div class=\"yui-gf\">\n	<div class=\"yui-u first\">\n		<h2>Research Experience</h2>\n	</div>\n\n<!--// .yui-u -->						<div class=\"yui-u\">\n		<div class=\"job\">\n			<h4>\n				2008–Present</h4>\n			<h2>\n				Graduate Student Researcher</h2>\n			<h3>\n				<a href=\"http://www.cs.ucla.edu\" target=\"_blank\">University of California, Los Angeles, Computer Science Department</a></h3>\n\n		</div>\n		<div class=\"job\">\n			<h4>\n				2006-2008</h4>\n			<h2>\n				Researcher, System Architect</h2>\n			<h3><a href=\"http://www.tsystems.su\" target=\"_blank\">JSC \"Technological Systems\", Moscow, Russia</a></h3>\n\n		</div>\n		<div class=\"job last\">\n			<h4>\n				2002-2007</h4>\n			<h2>\n				Research Assistant</h2>\n			<h3>\n				<a href=\"http://iu4.bmstu.ru/\" target=\"_blank\">Bauman Moscow State Technical University</a>, Moscow, Russia</h3>\n		</div>\n\n	</div>\n</div>\n\n<div class=\"yui-gf\">\n	<div class=\"yui-u first\">\n		<h2>Teaching Experience</h2>\n	</div>\n<!--// .yui-u -->						<div class=\"yui-u\">\n		<div class=\"job\">\n			<h4>2007</h4>\n			<h2>Teaching Assistant</h2>\n\n			<h3><a href=\"http://iu4.bmstu.ru/\" target=\"_blank\">Bauman Moscow State Technical University</a>, Moscow, Russia</h3>\n			<p>\"System programming\" courses</p>\n		</div>\n	</div>\n	<div class=\"yui-u\">\n		<div class=\"job\">\n			<h4>2004</h4>\n			<h2>Teaching Assistant</h2>\n			\n			<h3><a href=\"http://www.redcenter.ru\" target=\"_blank\">Authorized Corporate Teaching Center \"Redcenter\"</a>, Moscow, Russia</h3>\n			<p>\"Advanced Linux\"\" courses</p>\n		</div>\n	</div>\n	<div class=\"yui-u\">\n\n		<div class=\"job last\">\n			<h4>2003</h4>\n			<h2>Teaching Assistant</h2>\n			\n				<h3><a href=\"http://iu4.bmstu.ru/\" target=\"_blank\">Bauman Moscow State Technical University</a>, Moscow, Russia</h3>\n				<p>\"System programming\" courses</p>\n		</div>\n	</div>\n</div>\n\n<div class=\"yui-gf last\">\n	<div class=\"yui-u first\">\n		<h2>Professional Experience</h2>\n	</div>\n<!--// .yui-u -->						<div class=\"yui-u\">\n		<div class=\"job\">\n			<h4>2006-2008</h4>\n			<h2>System Architect</h2>\n\n			<h3><a href=\"http://www.tsystems.su\" target=\"_blank\">JSC \"Technological Systems\", Moscow, Russia</a></h3>\n		</div>\n	</div>\n	<div class=\"yui-u\">\n		<div class=\"job\">\n			<h4>2005-2007</h4>\n			<h2>Software Developer</h2>\n			\n			<h3><a href=\"http://www.videofonmv.ru\" target=\"_blank\">JSC \"Videofon MV\"</a>, Moscow, Russia</h3>\n		</div>\n	</div>\n	<div class=\"yui-u\">\n\n		<div class=\"job last\">\n			<h4>2002-2005</h4>\n			<h2>Principal Engineer</h2>\n			\n				<h3><a href=\"http://www.rtisystems.ru/\" target=\"_blank\">JSC “Concern of “Radiotechnical and Informational Systems”</a>, Moscow, Russia</h3>\n		</div>\n	</div>\n</div>\n<!--// .yui-b -->				</div>\n\n<!--// yui-main -->			</div>\n<!--// bd -->		</div>\n'),(33,39,'2009-12-17 13:51:51','<div id=\"bd\">\n	<div id=\"yui-main\">\n		<div class=\"yui-b\">\n			<br />\n			<div class=\"yui-gf\">\n				<div class=\"yui-u first last\">\n					<h2>\n						Awards</h2>\n				</div>\n<!--// .yui-u -->				<div class=\"yui-u\">\n					<div class=\"job\">\n						<h4>\n							2007</h4>\n						<h3>\n							<strong>Grant</strong> of the Joint Stock Finance Corporation SISTEMA to Young Scientists, Moscow, Russia</h3>\n					</div>\n				</div>\n				<div class=\"yui-u\">\n					<div class=\"job last\">\n						<h4>\n							2006</h4>\n						<h3>\n							<strong>Medal</strong> of the Open Contest for the Best Students Scientific Project in Natural Sciences, Engineering and Humanities in Russian Federation Universities, Moscow, Russia</h3>\n					</div>\n				</div>\n				<div class=\"yui-u\">\n					<div class=\"job last\">\n						<h4>\n							2006</h4>\n						<h3>\n							<strong>Grant</strong> of the All-Russian Open Contest &quot;Teaching New Technologies to the Youth&quot;, Moscow, Russia</h3>\n					</div>\n				</div>\n				<div class=\"yui-u\">\n					<div class=\"job last\">\n						<h4>\n							2006</h4>\n						<h3>\n							<strong>Winner Diploma</strong> of &quot;The All Russia Competition of Innovative Projects&quot;, Moscow, Russia</h3>\n					</div>\n				</div>\n				<div class=\"yui-u\">\n					<div class=\"job last\">\n						<h4>\n							2006</h4>\n						<h3>\n							&nbsp;</h3>\n					</div>\n				</div>\n				<div class=\"yui-u\">\n					<div class=\"job last\">\n						<h4>\n							2006-2007</h4>\n						<h3>\n							<strong>Fellowship</strong> of Russian Federation Government</h3>\n					</div>\n				</div>\n				<div class=\"yui-u\">\n					<div class=\"job last\">\n						<h4>\n							2005</h4>\n						<h3>\n							<strong>First Degree Diploma</strong> of the All-Russia Competition of Innovative Projects of Graduate Students in Priority Science and Technique Development Field &quot;Informational and Telecommunication Systems&quot;, Moscow, Russia</h3>\n					</div>\n				</div>\n				<div class=\"yui-u\">\n					<div class=\"job last\">\n						<h4>\n							2005-2006</h4>\n						<h3>\n							<strong>Fellowship</strong> of Imperator Technical High School Club</h3>\n					</div>\n				</div>\n				<div class=\"yui-u\">\n					<div class=\"job last\">\n						<h4>\n							2004-2005</h4>\n						<h3>\n							<strong>Fellowship</strong> of Joint Stock Finance Corporation SISTEMA for Academic Year</h3>\n					</div>\n				</div>\n				<div class=\"yui-u\">\n					<div class=\"job last\">\n						<h4>\n							2004-2005</h4>\n						<h3>\n							<strong>Fellowship</strong> of Russian Federation Government for Academic Year</h3>\n					</div>\n				</div>\n				<div class=\"yui-u\">\n					<div class=\"job last\">\n						<h4>\n							2004</h4>\n						<h3>\n							<strong>Winner Diploma</strong> of &quot;The Open Competition of the &quot;Mosenergo&quot; Company for The Best Thesis and Research Projects of Russian High School Students&quot;, Moscow, Russia</h3>\n					</div>\n				</div>\n				<div class=\"yui-u\">\n					<div class=\"job last\">\n						<h4>\n							2003</h4>\n						<h3>\n							<strong>Winner Diploma</strong> of &quot;The All-Russia Competition for the Best Student&#39;s Engineering and Innovative Research Projects in Natural Sciences, Engineering and Humanities&quot;, Moscow, Russia</h3>\n					</div>\n				</div>\n				<div class=\"yui-u last\">\n					<div class=\"job last\">\n						<h4>\n							2003</h4>\n						<h3>\n							<strong>Laureate Diploma</strong> of &quot;The All Russia Selection Competition for The Best Student&#39;s Engineering and Innovative Research Projects in Natural Sciences, Engineering and Humanities&quot;, Moscow, Russia</h3>\n					</div>\n				</div>\n			</div>\n		</div>\n	</div>\n<!--// bd --></div>\n'),(34,39,'2009-12-17 13:55:55','<div id=\"bd\">\n	<div id=\"yui-main\">\n		<div class=\"yui-b\">\n			<br />\n			<div class=\"yui-gf\">\n				<div class=\"yui-u first last\">\n					<h2>\n						Awards</h2>\n				</div>\n<!--// .yui-u -->				<div class=\"yui-u\">\n					<div class=\"job\">\n						<h4>\n							2007</h4>\n						<h3>\n							<strong>Grant</strong> of the Joint Stock Finance Corporation SISTEMA to Young Scientists, Moscow, Russia</h3>\n					</div>\n				</div>\n				<div class=\"yui-u\">\n					<div class=\"job\">\n						<h4>\n							2006</h4>\n						<h3>\n							<strong>Medal</strong> of the Open Contest for the Best Students Scientific Project in Natural Sciences, Engineering and Humanities in Russian Federation Universities, Moscow, Russia</h3>\n					</div>\n				</div>\n				<div class=\"yui-u\">\n					<div class=\"job\">\n						<h4>\n							2006</h4>\n						<h3>\n							<strong>Grant</strong> of the All-Russian Open Contest &quot;Teaching New Technologies to the Youth&quot;, Moscow, Russia</h3>\n					</div>\n				</div>\n				<div class=\"yui-u\">\n					<div class=\"job\">\n						<h4>\n							2006</h4>\n						<h3>\n							<strong>Winner Diploma</strong> of &quot;The All Russia Competition of Innovative Projects&quot;, Moscow, Russia</h3>\n					</div>\n				</div>\n				<div class=\"yui-u\">\n					<div class=\"job\">\n						<h4>\n							2006-2007</h4>\n						<h3>\n							<strong>Fellowship</strong> of Russian Federation Government</h3>\n					</div>\n				</div>\n				<div class=\"yui-u\">\n					<div class=\"job\">\n						<h4>\n							2005</h4>\n						<h3>\n							<strong>First Degree Diploma</strong> of the All-Russia Competition of Innovative Projects of Graduate Students in Priority Science and Technique Development Field &quot;Informational and Telecommunication Systems&quot;, Moscow, Russia</h3>\n					</div>\n				</div>\n				<div class=\"yui-u\">\n					<div class=\"job\">\n						<h4>\n							2005-2006</h4>\n						<h3>\n							<strong>Fellowship</strong> of Imperator Technical High School Club</h3>\n					</div>\n				</div>\n				<div class=\"yui-u\">\n					<div class=\"job\">\n						<h4>\n							2004-2005</h4>\n						<h3>\n							<strong>Fellowship</strong> of Joint Stock Finance Corporation SISTEMA for Academic Year</h3>\n					</div>\n				</div>\n				<div class=\"yui-u\">\n					<div class=\"job\">\n						<h4>\n							2004-2005</h4>\n						<h3>\n							<strong>Fellowship</strong> of Russian Federation Government for Academic Year</h3>\n					</div>\n				</div>\n				<div class=\"yui-u\">\n					<div class=\"job\">\n						<h4>\n							2004</h4>\n						<h3>\n							<strong>Winner Diploma</strong> of &quot;The Open Competition of the &quot;Mosenergo&quot; Company for The Best Thesis and Research Projects of Russian High School Students&quot;, Moscow, Russia</h3>\n					</div>\n				</div>\n				<div class=\"yui-u\">\n					<div class=\"job\">\n						<h4>\n							2003</h4>\n						<h3>\n							<strong>Winner Diploma</strong> of &quot;The All-Russia Competition for the Best Student&#39;s Engineering and Innovative Research Projects in Natural Sciences, Engineering and Humanities&quot;, Moscow, Russia</h3>\n					</div>\n				</div>\n				<div class=\"yui-u last\">\n					<div class=\"job last\">\n						<h4>\n							2003</h4>\n						<h3>\n							<strong>Laureate Diploma</strong> of &quot;The All Russia Selection Competition for The Best Student&#39;s Engineering and Innovative Research Projects in Natural Sciences, Engineering and Humanities&quot;, Moscow, Russia</h3>\n					</div>\n				</div>\n			</div>\n		</div>\n	</div>\n<!--// bd --></div>\n'),(35,39,'2009-12-17 13:56:26','<div id=\"bd\">\n	<div id=\"yui-main\">\n		<div class=\"yui-b\">\n			<div class=\"yui-gf\">\n				<div class=\"yui-u first\">\n					<h2>\n						Awards</h2>\n				</div>\n<!--// .yui-u -->				<div class=\"yui-u\">\n					<div class=\"job\">\n						<h4>\n							2007</h4>\n						<h3>\n							<strong>Grant</strong> of the Joint Stock Finance Corporation SISTEMA to Young Scientists, Moscow, Russia</h3>\n					</div>\n				</div>\n				<div class=\"yui-u\">\n					<div class=\"job\">\n						<h4>\n							2006</h4>\n						<h3>\n							<strong>Medal</strong> of the Open Contest for the Best Students Scientific Project in Natural Sciences, Engineering and Humanities in Russian Federation Universities, Moscow, Russia</h3>\n					</div>\n				</div>\n				<div class=\"yui-u\">\n					<div class=\"job\">\n						<h4>\n							2006</h4>\n						<h3>\n							<strong>Grant</strong> of the All-Russian Open Contest &quot;Teaching New Technologies to the Youth&quot;, Moscow, Russia</h3>\n					</div>\n				</div>\n				<div class=\"yui-u\">\n					<div class=\"job\">\n						<h4>\n							2006</h4>\n						<h3>\n							<strong>Winner Diploma</strong> of &quot;The All Russia Competition of Innovative Projects&quot;, Moscow, Russia</h3>\n					</div>\n				</div>\n				<div class=\"yui-u\">\n					<div class=\"job\">\n						<h4>\n							2006-2007</h4>\n						<h3>\n							<strong>Fellowship</strong> of Russian Federation Government</h3>\n					</div>\n				</div>\n				<div class=\"yui-u\">\n					<div class=\"job\">\n						<h4>\n							2005</h4>\n						<h3>\n							<strong>First Degree Diploma</strong> of the All-Russia Competition of Innovative Projects of Graduate Students in Priority Science and Technique Development Field &quot;Informational and Telecommunication Systems&quot;, Moscow, Russia</h3>\n					</div>\n				</div>\n				<div class=\"yui-u\">\n					<div class=\"job\">\n						<h4>\n							2005-2006</h4>\n						<h3>\n							<strong>Fellowship</strong> of Imperator Technical High School Club</h3>\n					</div>\n				</div>\n				<div class=\"yui-u\">\n					<div class=\"job\">\n						<h4>\n							2004-2005</h4>\n						<h3>\n							<strong>Fellowship</strong> of Joint Stock Finance Corporation SISTEMA for Academic Year</h3>\n					</div>\n				</div>\n				<div class=\"yui-u\">\n					<div class=\"job\">\n						<h4>\n							2004-2005</h4>\n						<h3>\n							<strong>Fellowship</strong> of Russian Federation Government for Academic Year</h3>\n					</div>\n				</div>\n				<div class=\"yui-u\">\n					<div class=\"job\">\n						<h4>\n							2004</h4>\n						<h3>\n							<strong>Winner Diploma</strong> of &quot;The Open Competition of the &quot;Mosenergo&quot; Company for The Best Thesis and Research Projects of Russian High School Students&quot;, Moscow, Russia</h3>\n					</div>\n				</div>\n				<div class=\"yui-u\">\n					<div class=\"job\">\n						<h4>\n							2003</h4>\n						<h3>\n							<strong>Winner Diploma</strong> of &quot;The All-Russia Competition for the Best Student&#39;s Engineering and Innovative Research Projects in Natural Sciences, Engineering and Humanities&quot;, Moscow, Russia</h3>\n					</div>\n				</div>\n				<div class=\"yui-u last\">\n					<div class=\"job last\">\n						<h4>\n							2003</h4>\n						<h3>\n							<strong>Laureate Diploma</strong> of &quot;The All Russia Selection Competition for The Best Student&#39;s Engineering and Innovative Research Projects in Natural Sciences, Engineering and Humanities&quot;, Moscow, Russia</h3>\n					</div>\n				</div>\n			</div>\n		</div>\n	</div>\n<!--// bd --></div>\n'),(36,39,'2009-12-17 13:57:24','<div id=\"bd\">\n	<div id=\"yui-main\">\n		<div class=\"yui-b\">\n			<div class=\"yui-gf\">\n				<div class=\"yui-u\">\n					<div class=\"job\">\n						<h4>\n							2006</h4>\n						<h3>\n							<strong>Medal</strong> of the Open Contest for the Best Students Scientific Project in Natural Sciences, Engineering and Humanities in Russian Federation Universities, Moscow, Russia</h3>\n					</div>\n				</div>\n				<div class=\"yui-u\">\n					<div class=\"job\">\n						<h4>\n							2006</h4>\n						<h3>\n							<strong>Grant</strong> of the All-Russian Open Contest &quot;Teaching New Technologies to the Youth&quot;, Moscow, Russia</h3>\n					</div>\n				</div>\n				<div class=\"yui-u\">\n					<div class=\"job\">\n						<h4>\n							2006</h4>\n						<h3>\n							<strong>Winner Diploma</strong> of &quot;The All Russia Competition of Innovative Projects&quot;, Moscow, Russia</h3>\n					</div>\n				</div>\n				<div class=\"yui-u\">\n					<div class=\"job\">\n						<h4>\n							2006-2007</h4>\n						<h3>\n							<strong>Fellowship</strong> of Russian Federation Government</h3>\n					</div>\n				</div>\n				<div class=\"yui-u\">\n					<div class=\"job\">\n						<h4>\n							2005</h4>\n						<h3>\n							<strong>First Degree Diploma</strong> of the All-Russia Competition of Innovative Projects of Graduate Students in Priority Science and Technique Development Field &quot;Informational and Telecommunication Systems&quot;, Moscow, Russia</h3>\n					</div>\n				</div>\n				<div class=\"yui-u\">\n					<div class=\"job\">\n						<h4>\n							2005-2006</h4>\n						<h3>\n							<strong>Fellowship</strong> of Imperator Technical High School Club</h3>\n					</div>\n				</div>\n				<div class=\"yui-u\">\n					<div class=\"job\">\n						<h4>\n							2004-2005</h4>\n						<h3>\n							<strong>Fellowship</strong> of Joint Stock Finance Corporation SISTEMA for Academic Year</h3>\n					</div>\n				</div>\n				<div class=\"yui-u\">\n					<div class=\"job\">\n						<h4>\n							2004-2005</h4>\n						<h3>\n							<strong>Fellowship</strong> of Russian Federation Government for Academic Year</h3>\n					</div>\n				</div>\n				<div class=\"yui-u\">\n					<div class=\"job\">\n						<h4>\n							2004</h4>\n						<h3>\n							<strong>Winner Diploma</strong> of &quot;The Open Competition of the &quot;Mosenergo&quot; Company for The Best Thesis and Research Projects of Russian High School Students&quot;, Moscow, Russia</h3>\n					</div>\n				</div>\n				<div class=\"yui-u\">\n					<div class=\"job\">\n						<h4>\n							2003</h4>\n						<h3>\n							<strong>Winner Diploma</strong> of &quot;The All-Russia Competition for the Best Student&#39;s Engineering and Innovative Research Projects in Natural Sciences, Engineering and Humanities&quot;, Moscow, Russia</h3>\n					</div>\n				</div>\n				<div class=\"yui-u last\">\n					<div class=\"job last\">\n						<h4>\n							2003</h4>\n						<h3>\n							<strong>Laureate Diploma</strong> of &quot;The All Russia Selection Competition for The Best Student&#39;s Engineering and Innovative Research Projects in Natural Sciences, Engineering and Humanities&quot;, Moscow, Russia</h3>\n					</div>\n				</div>\n			</div>\n		</div>\n	</div>\n<!--// bd --></div>\n'),(37,39,'2009-12-17 14:13:37','<div id=\"bd\">\n	<div id=\"yui-main\">\n		<div class=\"yui-b\">\n			<div class=\"yui-gf\">\n				<div class=\"yui-u first\">\n					<h2>\n						Awards</h2>\n				</div>\n<!--// .yui-u -->				<div class=\"yui-u\">\n					<div class=\"job\">\n						<h4>\n							2007</h4>\n						<h3>\n							<strong>Grant</strong> of the Joint Stock Finance Corporation SISTEMA to Young Scientists, Moscow, Russia</h3>\n					</div>\n				</div>\n				<div class=\"yui-u\">\n					<div class=\"job\">\n						<h4>\n							2006</h4>\n						<h3>\n							<strong>Medal</strong> of the Open Contest for the Best Students Scientific Project in Natural Sciences, Engineering and Humanities in Russian Federation Universities, Moscow, Russia</h3>\n					</div>\n				</div>\n				<div class=\"yui-u\">\n					<div class=\"job\">\n						<h4>\n							2006</h4>\n						<h3>\n							<strong>Grant</strong> of the All-Russian Open Contest &quot;Teaching New Technologies to the Youth&quot;, Moscow, Russia</h3>\n					</div>\n				</div>\n				<div class=\"yui-u\">\n					<div class=\"job\">\n						<h4>\n							2006</h4>\n						<h3>\n							<strong>Winner Diploma</strong> of &quot;The All Russia Competition of Innovative Projects&quot;, Moscow, Russia</h3>\n					</div>\n				</div>\n				<div class=\"yui-u\">\n					<div class=\"job\">\n						<h4>\n							2006-2007</h4>\n						<h3>\n							<strong>Fellowship</strong> of Russian Federation Government</h3>\n					</div>\n				</div>\n				<div class=\"yui-u\">\n					<div class=\"job\">\n						<h4>\n							2005</h4>\n						<h3>\n							<strong>First Degree Diploma</strong> of the All-Russia Competition of Innovative Projects of Graduate Students in Priority Science and Technique Development Field &quot;Informational and Telecommunication Systems&quot;, Moscow, Russia</h3>\n					</div>\n				</div>\n				<div class=\"yui-u\">\n					<div class=\"job\">\n						<h4>\n							2005-2006</h4>\n						<h3>\n							<strong>Fellowship</strong> of Imperator Technical High School Club</h3>\n					</div>\n				</div>\n				<div class=\"yui-u\">\n					<div class=\"job\">\n						<h4>\n							2004-2005</h4>\n						<h3>\n							<strong>Fellowship</strong> of Joint Stock Finance Corporation SISTEMA for Academic Year</h3>\n					</div>\n				</div>\n				<div class=\"yui-u\">\n					<div class=\"job\">\n						<h4>\n							2004-2005</h4>\n						<h3>\n							<strong>Fellowship</strong> of Russian Federation Government for Academic Year</h3>\n					</div>\n				</div>\n				<div class=\"yui-u\">\n					<div class=\"job\">\n						<h4>\n							2004</h4>\n						<h3>\n							<strong>Winner Diploma</strong> of &quot;The Open Competition of the &quot;Mosenergo&quot; Company for The Best Thesis and Research Projects of Russian High School Students&quot;, Moscow, Russia</h3>\n					</div>\n				</div>\n				<div class=\"yui-u\">\n					<div class=\"job\">\n						<h4>\n							2003</h4>\n						<h3>\n							<strong>Winner Diploma</strong> of &quot;The All-Russia Competition for the Best Student&#39;s Engineering and Innovative Research Projects in Natural Sciences, Engineering and Humanities&quot;, Moscow, Russia</h3>\n					</div>\n				</div>\n				<div class=\"yui-u last\">\n					<div class=\"job last\">\n						<h4>\n							2003</h4>\n						<h3>\n							<strong>Laureate Diploma</strong> of &quot;The All Russia Selection Competition for The Best Student&#39;s Engineering and Innovative Research Projects in Natural Sciences, Engineering and Humanities&quot;, Moscow, Russia</h3>\n					</div>\n				</div>\n			</div>\n		</div>\n	</div>\n<!--// bd --></div>\n'),(38,39,'2009-12-17 14:14:16','<div id=\"bd\">\n	<div id=\"yui-main\">\n		<div class=\"yui-b\">\n			<div class=\"yui-gf\">\n				<div class=\"yui-u first\">\n					<h2>\n						Awards</h2>\n				</div>\n<!--// .yui-u -->				<div class=\"yui-u\">\n					<div class=\"job\">\n						<h4>\n							2007</h4>\n						<h3>\n							<strong>Grant</strong> of the Joint Stock Finance Corporation SISTEMA to Young Scientists, Moscow, Russia</h3>\n					</div>\n				</div>\n				<div class=\"yui-u\">\n					<div class=\"job\">\n						<h4>\n							2006</h4>\n						<h3>\n							<strong>Medal</strong> of the Open Contest for the Best Students Scientific Project in Natural Sciences, Engineering and Humanities in Russian Federation Universities, Moscow, Russia</h3>\n					</div>\n				</div>\n				<div class=\"yui-u\">\n					<div class=\"job\">\n						<h4>\n							2006</h4>\n						<h3>\n							<strong>Grant</strong> of the All-Russian Open Contest &quot;Teaching New Technologies to the Youth&quot;, Moscow, Russia</h3>\n					</div>\n				</div>\n				<div class=\"yui-u\">\n					<div class=\"job\">\n						<h4>\n							2006</h4>\n						<h3>\n							<a class=\"smoothbox\" href=\"/data/images/diploma_msu.jpg\"><strong>Winner Diploma</strong> of &quot;The All Russia Competition of Innovative Projects&quot;, Moscow, Russia</a></h3>\n					</div>\n				</div>\n				<div class=\"yui-u\">\n					<div class=\"job\">\n						<h4>\n							2006-2007</h4>\n						<h3>\n							<strong>Fellowship</strong> of Russian Federation Government</h3>\n					</div>\n				</div>\n				<div class=\"yui-u\">\n					<div class=\"job\">\n						<h4>\n							2005</h4>\n						<h3>\n							<a class=\"smoothbox\" href=\"/data/images/diploma_informika.jpg\"><strong>First Degree Diploma</strong> of the All-Russia Competition of Innovative Projects of Graduate Students in Priority Science and Technique Development Field &quot;Informational and Telecommunication Systems&quot;, Moscow, Russia</a></h3>\n					</div>\n				</div>\n				<div class=\"yui-u\">\n					<div class=\"job\">\n						<h4>\n							2005-2006</h4>\n						<h3>\n							<a class=\"smoothbox\" href=\"/data/images/bmstu_fellowship.jpg\"><strong>Fellowship</strong> of Imperator Technical High School Club</a></h3>\n					</div>\n				</div>\n				<div class=\"yui-u\">\n					<div class=\"job\">\n						<h4>\n							2004-2005</h4>\n						<h3>\n							<a class=\"smoothbox\" href=\"/data/images/afk_fellowship.jpg\"><strong>Fellowship</strong> of Joint Stock Finance Corporation SISTEMA for Academic Year</a></h3>\n					</div>\n				</div>\n				<div class=\"yui-u\">\n					<div class=\"job\">\n						<h4>\n							2004-2005</h4>\n						<h3>\n							<a class=\"smoothbox\" href=\"/data/images/RF_government_fellowship.jpg\"><strong>Fellowship</strong> of Russian Federation Government for Academic Year</a></h3>\n					</div>\n				</div>\n				<div class=\"yui-u\">\n					<div class=\"job\">\n						<h4>\n							2004</h4>\n						<h3>\n							<a class=\"smoothbox\" href=\"/data/images/diploma_mosenergo.jpg\"><strong>Winner Diploma</strong> of &quot;The Open Competition of the &quot;Mosenergo&quot; Company for The Best Thesis and Research Projects of Russian High School Students&quot;, Moscow, Russia</a></h3>\n					</div>\n				</div>\n				<div class=\"yui-u\">\n					<div class=\"job\">\n						<h4>\n							2003</h4>\n						<h3>\n							<a class=\"smoothbox\" href=\"/data/images/diploma_yershovo.jpg\"><strong>Winner Diploma</strong> of &quot;The All-Russia Competition for the Best Student&#39;s Engineering and Innovative Research Projects in Natural Sciences, Engineering and Humanities&quot;, Moscow, Russia</a></h3>\n					</div>\n				</div>\n				<div class=\"yui-u last\">\n					<div class=\"job last\">\n						<h4>\n							2003</h4>\n						<h3>\n							<a href=\"/data/images/diploma_minobr.jpg\"><strong>Laureate Diploma</strong> of &quot;The All Russia Selection Competition for The Best Student&#39;s Engineering and Innovative Research Projects in Natural Sciences, Engineering and Humanities&quot;, Moscow, Russia</a></h3>\n					</div>\n				</div>\n			</div>\n		</div>\n	</div>\n<!--// bd --></div>\n'),(39,40,'2009-12-17 14:25:02','<h5>\n	<a href=\"http://lasr.cs.ucla.edu/afanasyev/09-routing-map/\" target=\"_blank\">Geographic approximation of IP prefix usage</a></h5>\n<p>\n	In examining the global routing table content, we have conducted a country-based analysis of the distribution of globally announced IP prefixes. Fixed-time snapshots point out the major contributors to the global routing table and give an understanding of the Internet&#39;s penetration globally. Country assignments for IP prefixes are taken from RIR data, which provide enough precision for a global-scale analysis.</p>\n'),(40,40,'2009-12-17 14:26:13','<h5>A Survey of Host-to-Host Congestion Control for TCP</h5>\n\n<p>A survey of various congestion control proposals that preserve the original host-to-host idea of TCP--namely, that neither sender nor receiver relies on any explicit notification from the network. The proposed solutions focus on a variety of problems, starting with the basic problem of eliminating the phenomenon of congestion collapse, and also include the problems of effectively using the available network resources in different types of environments (wired, wireless, high-speed, long-delay, etc.). In a shared, highly distributed, and heterogeneous environment such as the Internet, effective network use depends not only on how well a single TCP-based application can utilize the network capacity, but also on how well it cooperates with other applications transmitting data through the same network. Our survey shows that over the last 20 years many host-to-host techniques have been developed that address several problems with different levels of reliability and precision. There have been enhancements allowing senders to detect fast packet losses and route changes. Other techniques have the ability to estimate the loss rate, the bottleneck buffer size, and level of congestion. The survey describes each congestion control alternative, its strengths and its weaknesses. Additionally, techniques that are in common use or available for testing are described.\n</p>\n\n<h5>\n	<a href=\"http://lasr.cs.ucla.edu/afanasyev/09-routing-map/\" target=\"_blank\">Geographic approximation of IP prefix usage</a></h5>\n<p>\n	In examining the global routing table content, we have conducted a country-based analysis of the distribution of globally announced IP prefixes. Fixed-time snapshots point out the major contributors to the global routing table and give an understanding of the Internet&#39;s penetration globally. Country assignments for IP prefixes are taken from RIR data, which provide enough precision for a global-scale analysis.</p>\n'),(41,33,'2009-12-17 18:00:29','<p>\n	<img align=\"right\" alt=\"Alexander Afanasyev\" height=\"291\" src=\"/images/alexander_afanasyev.jpeg\" style=\"margin-left: 10px; margin-bottom: 20px;\" width=\"300\" />I was born in a small town called Liepaya that is situated on the shore of the Baltic Sea in Latvia.</p>\n<p>\n	I received my B.Tech. (бакалавр технологий) and M.Tech. (магистр технологий) degrees in Computer Science from <a href=\"http://www.bmstu.ru/english/common.html\" target=\"_blank\">Bauman Moscow State Technical University</a> (Московский Государственный Технический Университет им.Н.Э.Баумана, факультет Информатика и Системы Управления, <a href=\"http://iu4.bmstu.ru/\" target=\"_blank\">кафедра ИУ4</a>), Moscow, Russia in 2005 and 2007, respectively.</p>\n<p>\n	Currently I&#39;m working towards my Ph.D. degree in <a href=\"http://www.cs.ucla.edu\" target=\"_blank\">Computer Science at the University of California, Los Angeles</a> in the <a href=\"http://www.lasr.cs.ucla.edu\" target=\"_blank\">Laboratory for Advanced System Research</a>, advised by Drs. <a href=\"http://www.lasr.cs.ucla.edu/reiher.new/index2.html\" target=\"_blank\">Peter Reiher</a> and <a href=\"http://www.lk.cs.ucla.edu\" target=\"_blank\">Leonard Kleinrock</a>. My research interests include network systems, network security, mobile systems, multimedia systems, and peer-to-peer environments.</p>\n'),(42,33,'2009-12-17 18:00:50','<p>\n	<img align=\"right\" alt=\"Alexander Afanasyev\" height=\"291\" src=\"{$GLOBAL_PREFIX}images/alexander_afanasyev.jpeg\" style=\"margin-left: 10px; margin-bottom: 20px;\" width=\"300\" />I was born in a small town called Liepaya that is situated on the shore of the Baltic Sea in Latvia.</p>\n<p>\n	I received my B.Tech. (бакалавр технологий) and M.Tech. (магистр технологий) degrees in Computer Science from <a href=\"http://www.bmstu.ru/english/common.html\" target=\"_blank\">Bauman Moscow State Technical University</a> (Московский Государственный Технический Университет им.Н.Э.Баумана, факультет Информатика и Системы Управления, <a href=\"http://iu4.bmstu.ru/\" target=\"_blank\">кафедра ИУ4</a>), Moscow, Russia in 2005 and 2007, respectively.</p>\n<p>\n	Currently I&#39;m working towards my Ph.D. degree in <a href=\"http://www.cs.ucla.edu\" target=\"_blank\">Computer Science at the University of California, Los Angeles</a> in the <a href=\"http://www.lasr.cs.ucla.edu\" target=\"_blank\">Laboratory for Advanced System Research</a>, advised by Drs. <a href=\"http://www.lasr.cs.ucla.edu/reiher.new/index2.html\" target=\"_blank\">Peter Reiher</a> and <a href=\"http://www.lk.cs.ucla.edu\" target=\"_blank\">Leonard Kleinrock</a>. My research interests include network systems, network security, mobile systems, multimedia systems, and peer-to-peer environments.</p>\n'),(43,33,'2009-12-17 18:01:57','<p>\n	<img align=\"right\" alt=\"Alexander Afanasyev\" height=\"291\" src=\"{$GLOBAL_PREFIX}images/alexander_afanasyev.jpeg\" style=\"margin-left: 10px; margin-bottom: 20px;\" width=\"300\" />I was born in a small town called Liepaya that is situated on the shore of the Baltic Sea in Latvia.</p>\n<p>\n	I received my B.Tech. (бакалавр технологий) and M.Tech. (магистр технологий) degrees in Computer Science from <a href=\"http://www.bmstu.ru/english/common.html\" target=\"_blank\">Bauman Moscow State Technical University</a> (Московский Государственный Технический Университет им.Н.Э.Баумана, факультет Информатика и Системы Управления, <a href=\"http://iu4.bmstu.ru/\" target=\"_blank\">кафедра ИУ4</a>), Moscow, Russia in 2005 and 2007, respectively.</p>\n<p>\n	Currently I&#39;m working towards my Ph.D. degree in <a href=\"http://www.cs.ucla.edu\" target=\"_blank\">Computer Science at the University of California, Los Angeles</a> in the <a href=\"http://www.lasr.cs.ucla.edu\" target=\"_blank\">Laboratory for Advanced System Research</a>, advised by Drs. <a href=\"http://www.lasr.cs.ucla.edu/reiher.new/index2.html\" target=\"_blank\">Peter Reiher</a> and <a href=\"http://www.lk.cs.ucla.edu\" target=\"_blank\">Leonard Kleinrock</a>. My research interests include network systems, network security, mobile systems, multimedia systems, and peer-to-peer environments.</p>\n'),(44,33,'2009-12-17 18:02:37','<p>\n	<img align=\"right\" alt=\"Alexander Afanasyev\" height=\"291\" src=\"{$GLOBAL_PREFIX}images/alexander_afanasyev.jpeg\" style=\"margin-left: 10px; margin-bottom: 20px;\" width=\"300\" />I was born in a small town called Liepaya that is situated on the shore of the Baltic Sea in Latvia.</p>\n<p>\n	I received my B.Tech. (бакалавр технологий) and M.Tech. (магистр технологий) degrees in Computer Science from <a href=\"http://www.bmstu.ru/english/common.html\" target=\"_blank\">Bauman Moscow State Technical University</a> (Московский Государственный Технический Университет им.Н.Э.Баумана, факультет Информатика и Системы Управления, <a href=\"http://iu4.bmstu.ru/\" target=\"_blank\">кафедра ИУ4</a>), Moscow, Russia in 2005 and 2007, respectively.</p>\n<p>\n	Currently I&#39;m working towards my Ph.D. degree in <a href=\"http://www.cs.ucla.edu\" target=\"_blank\">Computer Science at the University of California, Los Angeles</a> in the <a href=\"http://www.lasr.cs.ucla.edu\" target=\"_blank\">Laboratory for Advanced System Research</a>, advised by Drs. <a href=\"http://www.lasr.cs.ucla.edu/reiher.new/index2.html\" target=\"_blank\">Peter Reiher</a> and <a href=\"http://www.lk.cs.ucla.edu\" target=\"_blank\">Leonard Kleinrock</a>. My research interests include network systems, network security, mobile systems, multimedia systems, and peer-to-peer environments.</p>\n'),(45,33,'2009-12-17 18:03:19','<p>\n	<img align=\"right\" alt=\"Alexander Afanasyev\" height=\"291\" src=\"{$GLOBAL_PREFIX}images/alexander_afanasyev.jpeg\" style=\"margin-left: 10px; margin-bottom: 20px;\" width=\"300\" />I was born in a small town called Liepaya that is situated on the shore of the Baltic Sea in Latvia.</p>\n<p>\n	I received my B.Tech. (бакалавр технологий) and M.Tech. (магистр технологий) degrees in Computer Science from <a href=\"http://www.bmstu.ru/english/common.html\" target=\"_blank\">Bauman Moscow State Technical University</a> (Московский Государственный Технический Университет им.Н.Э.Баумана, факультет Информатика и Системы Управления, <a href=\"http://iu4.bmstu.ru/\" target=\"_blank\">кафедра ИУ4</a>), Moscow, Russia in 2005 and 2007, respectively.</p>\n<p>\n	Currently I&#39;m working towards my Ph.D. degree in <a href=\"http://www.cs.ucla.edu\" target=\"_blank\">Computer Science at the University of California, Los Angeles</a> in the <a href=\"http://www.lasr.cs.ucla.edu\" target=\"_blank\">Laboratory for Advanced System Research</a>, advised by Drs. <a href=\"http://www.lasr.cs.ucla.edu/reiher.new/index2.html\" target=\"_blank\">Peter Reiher</a> and <a href=\"http://www.lk.cs.ucla.edu\" target=\"_blank\">Leonard Kleinrock</a>. My research interests include network systems, network security, mobile systems, multimedia systems, and peer-to-peer environments.</p>\n'),(46,33,'2009-12-17 18:03:40','<p>\n	<img align=\"right\" alt=\"Alexander Afanasyev\" height=\"291\" src=\"{$GLOBAL_PREFIX}images/alexander_afanasyev.jpeg\" style=\"margin-left: 10px; margin-bottom: 20px;\" width=\"300\" />I was born in a small town called Liepaya that is situated on the shore of the Baltic Sea in Latvia.</p>\n<p>\n	I received my B.Tech. (бакалавр технологий) and M.Tech. (магистр технологий) degrees in Computer Science from <a href=\"http://www.bmstu.ru/english/common.html\" target=\"_blank\">Bauman Moscow State Technical University</a> (Московский Государственный Технический Университет им.Н.Э.Баумана, факультет Информатика и Системы Управления, <a href=\"http://iu4.bmstu.ru/\" target=\"_blank\">кафедра ИУ4</a>), Moscow, Russia in 2005 and 2007, respectively.</p>\n<p>\n	Currently I&#39;m working towards my Ph.D. degree in <a href=\"http://www.cs.ucla.edu\" target=\"_blank\">Computer Science at the University of California, Los Angeles</a> in the <a href=\"http://www.lasr.cs.ucla.edu\" target=\"_blank\">Laboratory for Advanced System Research</a>, advised by Drs. <a href=\"http://www.lasr.cs.ucla.edu/reiher.new/index2.html\" target=\"_blank\">Peter Reiher</a> and <a href=\"http://www.lk.cs.ucla.edu\" target=\"_blank\">Leonard Kleinrock</a>. My research interests include network systems, network security, mobile systems, multimedia systems, and peer-to-peer environments.</p>\n'),(47,33,'2009-12-17 18:05:38','<p>\n	<img align=\"right\" alt=\"Alexander Afanasyev\" height=\"291\" src=\"{$GLOBAL_PREFIX}images/alexander_afanasyev.jpeg\" style=\"margin-left: 10px; margin-bottom: 20px;\" width=\"300\" />I was born in a small town called Liepaya that is situated on the shore of the Baltic Sea in Latvia.</p>\n<p>\n	I received my B.Tech. (бакалавр технологий) and M.Tech. (магистр технологий) degrees in Computer Science from <a href=\"http://www.bmstu.ru/english/common.html\" target=\"_blank\">Bauman Moscow State Technical University</a> (Московский Государственный Технический Университет им.Н.Э.Баумана, факультет Информатика и Системы Управления, <a href=\"http://iu4.bmstu.ru/\" target=\"_blank\">кафедра ИУ4</a>), Moscow, Russia in 2005 and 2007, respectively.</p>\n<p>\n	Currently I&#39;m working towards my Ph.D. degree in <a href=\"http://www.cs.ucla.edu\" target=\"_blank\">Computer Science at the University of California, Los Angeles</a> in the <a href=\"http://www.lasr.cs.ucla.edu\" target=\"_blank\">Laboratory for Advanced System Research</a>, advised by Drs. <a href=\"http://www.lasr.cs.ucla.edu/reiher.new/index2.html\" target=\"_blank\">Peter Reiher</a> and <a href=\"http://www.lk.cs.ucla.edu\" target=\"_blank\">Leonard Kleinrock</a>. My research interests include network systems, network security, mobile systems, multimedia systems, and peer-to-peer environments.</p>\n'),(48,33,'2009-12-17 18:06:32','<p>\n	<img align=\"right\" alt=\"Alexander Afanasyev\" height=\"291\" src=\"{$GLOBAL_PREFIX}images/alexander_afanasyev.jpeg\" style=\"margin-left: 10px; margin-bottom: 20px;\" width=\"300\" />I was born in a small town called Liepaya that is situated on the shore of the Baltic Sea in Latvia.</p>\n<p>\n	I received my B.Tech. (бакалавр технологий) and M.Tech. (магистр технологий) degrees in Computer Science from <a href=\"http://www.bmstu.ru/english/common.html\" target=\"_blank\">Bauman Moscow State Technical University</a> (Московский Государственный Технический Университет им.Н.Э.Баумана, факультет Информатика и Системы Управления, <a href=\"http://iu4.bmstu.ru/\" target=\"_blank\">кафедра ИУ4</a>), Moscow, Russia in 2005 and 2007, respectively.</p>\n<p>\n	Currently I&#39;m working towards my Ph.D. degree in <a href=\"http://www.cs.ucla.edu\" target=\"_blank\">Computer Science at the University of California, Los Angeles</a> in the <a href=\"http://www.lasr.cs.ucla.edu\" target=\"_blank\">Laboratory for Advanced System Research</a>, advised by Drs. <a href=\"http://www.lasr.cs.ucla.edu/reiher.new/index2.html\" target=\"_blank\">Peter Reiher</a> and <a href=\"http://www.lk.cs.ucla.edu\" target=\"_blank\">Leonard Kleinrock</a>. My research interests include network systems, network security, mobile systems, multimedia systems, and peer-to-peer environments.</p>\n'),(49,33,'2009-12-17 18:07:10','<p>\n	<img align=\"right\" alt=\"Alexander Afanasyev\" height=\"291\" src=\"{$GLOBAL_PREFIX}images/alexander_afanasyev.jpeg\" style=\"margin-left: 10px; margin-bottom: 20px;\" width=\"300\" />I was born in a small town called Liepaya that is situated on the shore of the Baltic Sea in Latvia.</p>\n<p>\n	I received my B.Tech. (бакалавр технологий) and M.Tech. (магистр технологий) degrees in Computer Science from <a href=\"http://www.bmstu.ru/english/common.html\" target=\"_blank\">Bauman Moscow State Technical University</a> (Московский Государственный Технический Университет им.Н.Э.Баумана, факультет Информатика и Системы Управления, <a href=\"http://iu4.bmstu.ru/\" target=\"_blank\">кафедра ИУ4</a>), Moscow, Russia in 2005 and 2007, respectively.</p>\n<p>\n	Currently I&#39;m working towards my Ph.D. degree in <a href=\"http://www.cs.ucla.edu\" target=\"_blank\">Computer Science at the University of California, Los Angeles</a> in the <a href=\"http://www.lasr.cs.ucla.edu\" target=\"_blank\">Laboratory for Advanced System Research</a>, advised by Drs. <a href=\"http://www.lasr.cs.ucla.edu/reiher.new/index2.html\" target=\"_blank\">Peter Reiher</a> and <a href=\"http://www.lk.cs.ucla.edu\" target=\"_blank\">Leonard Kleinrock</a>. My research interests include network systems, network security, mobile systems, multimedia systems, and peer-to-peer environments.</p>\n'),(50,33,'2009-12-17 18:07:35','<p>\n	<img align=\"right\" alt=\"Alexander Afanasyev\" height=\"291\" src=\"{$GLOBAL_PREFIX}images/alexander_afanasyev.jpeg\" style=\"margin-left: 10px; margin-bottom: 20px;\" width=\"300\" />I was born in a small town called Liepaya that is situated on the shore of the Baltic Sea in Latvia.</p>\n<p>\n	I received my B.Tech. (бакалавр технологий) and M.Tech. (магистр технологий) degrees in Computer Science from <a href=\"http://www.bmstu.ru/english/common.html\" target=\"_blank\">Bauman Moscow State Technical University</a> (Московский Государственный Технический Университет им.Н.Э.Баумана, факультет Информатика и Системы Управления, <a href=\"http://iu4.bmstu.ru/\" target=\"_blank\">кафедра ИУ4</a>), Moscow, Russia in 2005 and 2007, respectively.</p>\n<p>\n	Currently I&#39;m working towards my Ph.D. degree in <a href=\"http://www.cs.ucla.edu\" target=\"_blank\">Computer Science at the University of California, Los Angeles</a> in the <a href=\"http://www.lasr.cs.ucla.edu\" target=\"_blank\">Laboratory for Advanced System Research</a>, advised by Drs. <a href=\"http://www.lasr.cs.ucla.edu/reiher.new/index2.html\" target=\"_blank\">Peter Reiher</a> and <a href=\"http://www.lk.cs.ucla.edu\" target=\"_blank\">Leonard Kleinrock</a>. My research interests include network systems, network security, mobile systems, multimedia systems, and peer-to-peer environments.</p>\n'),(51,33,'2009-12-17 18:08:01','<p>\n	<img align=\"right\" alt=\"Alexander Afanasyev\" height=\"291\" src=\"{$GLOBAL_PREFIX}images/alexander_afanasyev.jpeg\" style=\"margin-left: 10px; margin-bottom: 20px;\" width=\"300\" />I was born in a small town called Liepaya that is situated on the shore of the Baltic Sea in Latvia.</p>\n<p>\n	I received my B.Tech. (бакалавр технологий) and M.Tech. (магистр технологий) degrees in Computer Science from <a href=\"http://www.bmstu.ru/english/common.html\" target=\"_blank\">Bauman Moscow State Technical University</a> (Московский Государственный Технический Университет им.Н.Э.Баумана, факультет Информатика и Системы Управления, <a href=\"http://iu4.bmstu.ru/\" target=\"_blank\">кафедра ИУ4</a>), Moscow, Russia in 2005 and 2007, respectively.</p>\n<p>\n	Currently I&#39;m working towards my Ph.D. degree in <a href=\"http://www.cs.ucla.edu\" target=\"_blank\">Computer Science at the University of California, Los Angeles</a> in the <a href=\"http://www.lasr.cs.ucla.edu\" target=\"_blank\">Laboratory for Advanced System Research</a>, advised by Drs. <a href=\"http://www.lasr.cs.ucla.edu/reiher.new/index2.html\" target=\"_blank\">Peter Reiher</a> and <a href=\"http://www.lk.cs.ucla.edu\" target=\"_blank\">Leonard Kleinrock</a>. My research interests include network systems, network security, mobile systems, multimedia systems, and peer-to-peer environments.</p>\n'),(52,33,'2009-12-17 18:08:24','<p>\n	<img align=\"right\" alt=\"Alexander Afanasyev\" height=\"291\" src=\"{$GLOBAL_PREFIX}images/alexander_afanasyev.jpeg\" style=\"margin-left: 10px; margin-bottom: 20px;\" width=\"300\" />I was born in a small town called Liepaya that is situated on the shore of the Baltic Sea in Latvia.</p>\n<p>\n	I received my B.Tech. (бакалавр технологий) and M.Tech. (магистр технологий) degrees in Computer Science from <a href=\"http://www.bmstu.ru/english/common.html\" target=\"_blank\">Bauman Moscow State Technical University</a> (Московский Государственный Технический Университет им.Н.Э.Баумана, факультет Информатика и Системы Управления, <a href=\"http://iu4.bmstu.ru/\" target=\"_blank\">кафедра ИУ4</a>), Moscow, Russia in 2005 and 2007, respectively.</p>\n<p>\n	Currently I&#39;m working towards my Ph.D. degree in <a href=\"http://www.cs.ucla.edu\" target=\"_blank\">Computer Science at the University of California, Los Angeles</a> in the <a href=\"http://www.lasr.cs.ucla.edu\" target=\"_blank\">Laboratory for Advanced System Research</a>, advised by Drs. <a href=\"http://www.lasr.cs.ucla.edu/reiher.new/index2.html\" target=\"_blank\">Peter Reiher</a> and <a href=\"http://www.lk.cs.ucla.edu\" target=\"_blank\">Leonard Kleinrock</a>. My research interests include network systems, network security, mobile systems, multimedia systems, and peer-to-peer environments.</p>\n'),(53,33,'2009-12-17 18:08:52','<p>\n	<img align=\"right\" alt=\"Alexander Afanasyev\" height=\"291\" src=\"{$GLOBAL_PREFIX}images/alexander_afanasyev.jpeg\" style=\"margin-left: 10px; margin-bottom: 20px;\" width=\"300\" />I was born in a small town called Liepaya that is situated on the shore of the Baltic Sea in Latvia.</p>\n<p>\n	I received my B.Tech. (бакалавр технологий) and M.Tech. (магистр технологий) degrees in Computer Science from <a href=\"http://www.bmstu.ru/english/common.html\" target=\"_blank\">Bauman Moscow State Technical University</a> (Московский Государственный Технический Университет им.Н.Э.Баумана, факультет Информатика и Системы Управления, <a href=\"http://iu4.bmstu.ru/\" target=\"_blank\">кафедра ИУ4</a>), Moscow, Russia in 2005 and 2007, respectively.</p>\n<p>\n	Currently I&#39;m working towards my Ph.D. degree in <a href=\"http://www.cs.ucla.edu\" target=\"_blank\">Computer Science at the University of California, Los Angeles</a> in the <a href=\"http://www.lasr.cs.ucla.edu\" target=\"_blank\">Laboratory for Advanced System Research</a>, advised by Drs. <a href=\"http://www.lasr.cs.ucla.edu/reiher.new/index2.html\" target=\"_blank\">Peter Reiher</a> and <a href=\"http://www.lk.cs.ucla.edu\" target=\"_blank\">Leonard Kleinrock</a>. My research interests include network systems, network security, mobile systems, multimedia systems, and peer-to-peer environments.</p>\n'),(54,33,'2009-12-17 18:09:10','<p>\n	<img align=\"right\" alt=\"Alexander Afanasyev\" height=\"291\" src=\"{$GLOBAL_PREFIX}images/alexander_afanasyev.jpeg\" style=\"margin-left: 10px; margin-bottom: 20px;\" width=\"300\" />I was born in a small town called Liepaya that is situated on the shore of the Baltic Sea in Latvia.</p>\n<p>\n	I received my B.Tech. (бакалавр технологий) and M.Tech. (магистр технологий) degrees in Computer Science from <a href=\"http://www.bmstu.ru/english/common.html\" target=\"_blank\">Bauman Moscow State Technical University</a> (Московский Государственный Технический Университет им.Н.Э.Баумана, факультет Информатика и Системы Управления, <a href=\"http://iu4.bmstu.ru/\" target=\"_blank\">кафедра ИУ4</a>), Moscow, Russia in 2005 and 2007, respectively.</p>\n<p>\n	Currently I&#39;m working towards my Ph.D. degree in <a href=\"http://www.cs.ucla.edu\" target=\"_blank\">Computer Science at the University of California, Los Angeles</a> in the <a href=\"http://www.lasr.cs.ucla.edu\" target=\"_blank\">Laboratory for Advanced System Research</a>, advised by Drs. <a href=\"http://www.lasr.cs.ucla.edu/reiher.new/index2.html\" target=\"_blank\">Peter Reiher</a> and <a href=\"http://www.lk.cs.ucla.edu\" target=\"_blank\">Leonard Kleinrock</a>. My research interests include network systems, network security, mobile systems, multimedia systems, and peer-to-peer environments.</p>\n'),(55,33,'2009-12-17 18:09:44','<p>\n	<img align=\"right\" alt=\"Alexander Afanasyev\" height=\"291\" src=\"{$GLOBAL_PREFIX}images/alexander_afanasyev.jpeg\" style=\"margin-left: 10px; margin-bottom: 20px;\" width=\"300\" />I was born in a small town called Liepaya that is situated on the shore of the Baltic Sea in Latvia.</p>\n<p>\n	I received my B.Tech. (бакалавр технологий) and M.Tech. (магистр технологий) degrees in Computer Science from <a href=\"http://www.bmstu.ru/english/common.html\" target=\"_blank\">Bauman Moscow State Technical University</a> (Московский Государственный Технический Университет им.Н.Э.Баумана, факультет Информатика и Системы Управления, <a href=\"http://iu4.bmstu.ru/\" target=\"_blank\">кафедра ИУ4</a>), Moscow, Russia in 2005 and 2007, respectively.</p>\n<p>\n	Currently I&#39;m working towards my Ph.D. degree in <a href=\"http://www.cs.ucla.edu\" target=\"_blank\">Computer Science at the University of California, Los Angeles</a> in the <a href=\"http://www.lasr.cs.ucla.edu\" target=\"_blank\">Laboratory for Advanced System Research</a>, advised by Drs. <a href=\"http://www.lasr.cs.ucla.edu/reiher.new/index2.html\" target=\"_blank\">Peter Reiher</a> and <a href=\"http://www.lk.cs.ucla.edu\" target=\"_blank\">Leonard Kleinrock</a>. My research interests include network systems, network security, mobile systems, multimedia systems, and peer-to-peer environments.</p>\n'),(56,33,'2009-12-17 18:09:59','<p>\n	<img align=\"right\" alt=\"Alexander Afanasyev\" height=\"291\" src=\"{$GLOBAL_PREFIX}images/alexander_afanasyev.jpeg\" style=\"margin-left: 10px; margin-bottom: 20px;\" width=\"300\" />I was born in a small town called Liepaya that is situated on the shore of the Baltic Sea in Latvia.</p>\n<p>\n	I received my B.Tech. (бакалавр технологий) and M.Tech. (магистр технологий) degrees in Computer Science from <a href=\"http://www.bmstu.ru/english/common.html\" target=\"_blank\">Bauman Moscow State Technical University</a> (Московский Государственный Технический Университет им.Н.Э.Баумана, факультет Информатика и Системы Управления, <a href=\"http://iu4.bmstu.ru/\" target=\"_blank\">кафедра ИУ4</a>), Moscow, Russia in 2005 and 2007, respectively.</p>\n<p>\n	Currently I&#39;m working towards my Ph.D. degree in <a href=\"http://www.cs.ucla.edu\" target=\"_blank\">Computer Science at the University of California, Los Angeles</a> in the <a href=\"http://www.lasr.cs.ucla.edu\" target=\"_blank\">Laboratory for Advanced System Research</a>, advised by Drs. <a href=\"http://www.lasr.cs.ucla.edu/reiher.new/index2.html\" target=\"_blank\">Peter Reiher</a> and <a href=\"http://www.lk.cs.ucla.edu\" target=\"_blank\">Leonard Kleinrock</a>. My research interests include network systems, network security, mobile systems, multimedia systems, and peer-to-peer environments.</p>\n'),(57,33,'2009-12-17 18:13:17','<p>\n	<img align=\"right\" alt=\"Alexander Afanasyev\" height=\"291\" src=\"{$GLOBAL_PREFIX}images/alexander_afanasyev.jpeg\" style=\"margin-left: 10px; margin-bottom: 20px;\" width=\"300\" />I was born in a small town called Liepaya that is situated on the shore of the Baltic Sea in Latvia.</p>\n<p>\n	I received my B.Tech. (бакалавр технологий) and M.Tech. (магистр технологий) degrees in Computer Science from <a href=\"http://www.bmstu.ru/english/common.html\" target=\"_blank\">Bauman Moscow State Technical University</a> (Московский Государственный Технический Университет им.Н.Э.Баумана, факультет Информатика и Системы Управления, <a href=\"http://iu4.bmstu.ru/\" target=\"_blank\">кафедра ИУ4</a>), Moscow, Russia in 2005 and 2007, respectively.</p>\n<p>\n	Currently I&#39;m working towards my Ph.D. degree in <a href=\"http://www.cs.ucla.edu\" target=\"_blank\">Computer Science at the University of California, Los Angeles</a> in the <a href=\"http://www.lasr.cs.ucla.edu\" target=\"_blank\">Laboratory for Advanced System Research</a>, advised by Drs. <a href=\"http://www.lasr.cs.ucla.edu/reiher.new/index2.html\" target=\"_blank\">Peter Reiher</a> and <a href=\"http://www.lk.cs.ucla.edu\" target=\"_blank\">Leonard Kleinrock</a>. My research interests include network systems, network security, mobile systems, multimedia systems, and peer-to-peer environments.</p>\n'),(58,33,'2009-12-17 18:16:17','<p>\n	<img align=\"right\" alt=\"Alexander Afanasyev\" height=\"291\" src=\"{$GLOBAL_PREFIX}images/alexander_afanasyev.jpeg\" style=\"margin-left: 10px; margin-bottom: 20px;\" width=\"300\" />I was born in a small town called Liepaya that is situated on the shore of the Baltic Sea in Latvia.</p>\n<p>\n	I received my B.Tech. (бакалавр технологий) and M.Tech. (магистр технологий) degrees in Computer Science from <a href=\"http://www.bmstu.ru/english/common.html\" target=\"_blank\">Bauman Moscow State Technical University</a> (Московский Государственный Технический Университет им.Н.Э.Баумана, факультет Информатика и Системы Управления, <a href=\"http://iu4.bmstu.ru/\" target=\"_blank\">кафедра ИУ4</a>), Moscow, Russia in 2005 and 2007, respectively.</p>\n<p>\n	Currently I&#39;m working towards my Ph.D. degree in <a href=\"http://www.cs.ucla.edu\" target=\"_blank\">Computer Science at the University of California, Los Angeles</a> in the <a href=\"http://www.lasr.cs.ucla.edu\" target=\"_blank\">Laboratory for Advanced System Research</a>, advised by Drs. <a href=\"http://www.lasr.cs.ucla.edu/reiher.new/index2.html\" target=\"_blank\">Peter Reiher</a> and <a href=\"http://www.lk.cs.ucla.edu\" target=\"_blank\">Leonard Kleinrock</a>. My research interests include network systems, network security, mobile systems, multimedia systems, and peer-to-peer environments.</p>\n'),(59,33,'2009-12-17 18:16:33','<p>\n	<img align=\"right\" alt=\"Alexander Afanasyev\" height=\"291\" src=\"{$GLOBAL_PREFIX}images/alexander_afanasyev.jpeg\" style=\"margin-left: 10px; margin-bottom: 20px;\" width=\"300\" />I was born in a small town called Liepaya that is situated on the shore of the Baltic Sea in Latvia.</p>\n<p>\n	I received my B.Tech. (бакалавр технологий) and M.Tech. (магистр технологий) degrees in Computer Science from <a href=\"http://www.bmstu.ru/english/common.html\" target=\"_blank\">Bauman Moscow State Technical University</a> (Московский Государственный Технический Университет им.Н.Э.Баумана, факультет Информатика и Системы Управления, <a href=\"http://iu4.bmstu.ru/\" target=\"_blank\">кафедра ИУ4</a>), Moscow, Russia in 2005 and 2007, respectively.</p>\n<p>\n	Currently I&#39;m working towards my Ph.D. degree in <a href=\"http://www.cs.ucla.edu\" target=\"_blank\">Computer Science at the University of California, Los Angeles</a> in the <a href=\"http://www.lasr.cs.ucla.edu\" target=\"_blank\">Laboratory for Advanced System Research</a>, advised by Drs. <a href=\"http://www.lasr.cs.ucla.edu/reiher.new/index2.html\" target=\"_blank\">Peter Reiher</a> and <a href=\"http://www.lk.cs.ucla.edu\" target=\"_blank\">Leonard Kleinrock</a>. My research interests include network systems, network security, mobile systems, multimedia systems, and peer-to-peer environments.</p>\n'),(60,33,'2009-12-17 18:21:46','<p>\n	<img align=\"right\" alt=\"Alexander Afanasyev\" height=\"291\" src=\"{$GLOBAL_PREFIX}images/alexander_afanasyev.jpeg\" style=\"margin-left: 10px; margin-bottom: 20px;\" width=\"300\" />I was born in a small town called Liepaya that is situated on the shore of the Baltic Sea in Latvia.</p>\n<p>\n	I received my B.Tech. (бакалавр технологий) and M.Tech. (магистр технологий) degrees in Computer Science from <a href=\"http://www.bmstu.ru/english/common.html\" target=\"_blank\">Bauman Moscow State Technical University</a> (Московский Государственный Технический Университет им.Н.Э.Баумана, факультет Информатика и Системы Управления, <a href=\"http://iu4.bmstu.ru/\" target=\"_blank\">кафедра ИУ4</a>), Moscow, Russia in 2005 and 2007, respectively.</p>\n<p>\n	Currently I&#39;m working towards my Ph.D. degree in <a href=\"http://www.cs.ucla.edu\" target=\"_blank\">Computer Science at the University of California, Los Angeles</a> in the <a href=\"http://www.lasr.cs.ucla.edu\" target=\"_blank\">Laboratory for Advanced System Research</a>, advised by Drs. <a href=\"http://www.lasr.cs.ucla.edu/reiher.new/index2.html\" target=\"_blank\">Peter Reiher</a> and <a href=\"http://www.lk.cs.ucla.edu\" target=\"_blank\">Leonard Kleinrock</a>. My research interests include network systems, network security, mobile systems, multimedia systems, and peer-to-peer environments.</p>\n'),(61,42,'2009-12-17 22:01:06','<p>\n	<a href=\"http://keywords/\">Keywords<br />\n	</a></p>\n<p>\n	<a href=\"http://users/\">Users<br />\n	</a></p>\n<p>\n	<a href=\"http://staticPages\">List of static pages<br />\n	</a></p>'),(62,42,'2009-12-17 22:02:35','<p>\n	<a href=\"keywords/\">Keywords<br />\n	</a></p>\n<p>\n	<a href=\"users/\">Users<br />\n	</a></p>\n<p>\n	<a href=\"staticPages\">List of static pages<br />\n	</a></p>\n'),(63,42,'2009-12-17 22:03:20','<p>\n	<a href=\"keywords/\">Keywords<br />\n	</a></p>\n<p>\n	<a href=\"users/\">Users<br />\n	</a></p>\n<p>\n	<a href=\"staticPages\">List of static pages<br />\n	</a></p>\n<p>\n	&nbsp;</p>\n<p>\n	<a href=\"login/logout\">Logout<br />\n	</a></p>\n'),(64,42,'2009-12-17 22:03:35','<p>\n	<a href=\"keywords/\">Keywords<br />\n	</a></p>\n<p>\n	<a href=\"users/\">Users<br />\n	</a></p>\n<p>\n	<a href=\"http://staticPages/\">List of static pages<br />\n	</a></p>\n<p>\n	&nbsp;</p>\n<p>\n	<a href=\"login/logout\">Logout<br />\n	</a></p>\n'),(65,38,'2009-12-17 22:36:58','<div id=\"bd\">\n	<div id=\"yui-main\">\n		<div class=\"yui-b\">\n			<div class=\"yui-gf\">\n				<div class=\"yui-u first\">\n					<h2>\n						Personal</h2>\n				</div>\n				<div class=\"yui-u\">\n					<p>\n						Born on June 27, 1983, Liepaya, Latvia.<br />\n						Hobbies: jogging; racquetball; hiking; guitar-playing; traveling.</p>\n				</div>\n			</div>\n<!--// .yui-gf -->			<div class=\"yui-gf\">\n				<div class=\"yui-u first\">\n					<h2>\n						Education</h2>\n				</div>\n				<div class=\"yui-u\">\n					<div class=\"job\">\n						<h4>\n							2008&ndash;present time</h4>\n						<h2>\n							Ph.D. in Computer Science</h2>\n						<p>\n							<a href=\"http://www.ucla.edu/\" target=\"_blank\">University of California, Los Angeles</a><br />\n							<a href=\"http://www.cs.ucla.edu\">Computer Science Department</a></p>\n					</div>\n					<div class=\"job\">\n						<h4>\n							2005&ndash;2007</h4>\n						<h2>\n							Masters in Electrical Engineering<br />\n							(Магистр техники и технологий по направлению &quot;Информатика и системы управления&quot;)</h2>\n						<p>\n							<a href=\"http://iu4.bmstu.ru/\" target=\"_blank\">Bauman Moscow State Technical University</a>, Moscow, Russia</p>\n					</div>\n					<div class=\"job\">\n						<h4>\n							2001&ndash;2005</h4>\n						<h2>\n							Bachelor in Computer Engineering<br />\n							(Бакалавр техники и технологий по направлению &quot;Информатика и системы управления&quot;)</h2>\n						<p>\n							<a href=\"http://iu4.bmstu.ru/\" target=\"_blank\">Bauman Moscow State Technical University</a>, Moscow, Russia</p>\n					</div>\n					<div class=\"job last\">\n						<h4>\n							2001</h4>\n						<h2>\n							High School</h2>\n						<p>\n							The 2nd Liepaya Secondary School named after Alexander Pushkin, Liepaya, Latvia</p>\n					</div>\n				</div>\n			</div>\n			<div class=\"yui-gf\">\n				<div class=\"yui-u first\">\n					<h2>\n						Research Experience</h2>\n				</div>\n<!--// .yui-u -->				<div class=\"yui-u\">\n					<div class=\"job\">\n						<h4>\n							2008&ndash;Present</h4>\n						<h2>\n							Graduate Student Researcher</h2>\n						<h3>\n							<a href=\"http://www.cs.ucla.edu\" target=\"_blank\">University of California, Los Angeles, Computer Science Department</a></h3>\n					</div>\n					<div class=\"job\">\n						<h4>\n							2006-2008</h4>\n						<h2>\n							Researcher, System Architect</h2>\n						<h3>\n							<a href=\"http://www.tsystems.su\" target=\"_blank\">JSC &quot;Technological Systems&quot;, Moscow, Russia</a></h3>\n					</div>\n					<div class=\"job last\">\n						<h4>\n							2002-2007</h4>\n						<h2>\n							Research Assistant</h2>\n						<h3>\n							<a href=\"http://iu4.bmstu.ru/\" target=\"_blank\">Bauman Moscow State Technical University</a>, Moscow, Russia</h3>\n					</div>\n				</div>\n			</div>\n			<div class=\"yui-gf\">\n				<div class=\"yui-u first\">\n					<h2>\n						Teaching Experience</h2>\n				</div>\n<!--// .yui-u -->				<div class=\"yui-u\">\n					<div class=\"job\">\n						<h4>\n							2007</h4>\n						<h2>\n							Teaching Assistant</h2>\n						<h3>\n							<a href=\"http://iu4.bmstu.ru/\" target=\"_blank\">Bauman Moscow State Technical University</a>, Moscow, Russia</h3>\n						<p>\n							&quot;System programming&quot; courses</p>\n					</div>\n				</div>\n				<div class=\"yui-u\">\n					<div class=\"job\">\n						<h4>\n							2004</h4>\n						<h2>\n							Teaching Assistant</h2>\n						<h3>\n							<a href=\"http://www.redcenter.ru\" target=\"_blank\">Authorized Corporate Teaching Center &quot;Redcenter&quot;</a>, Moscow, Russia</h3>\n						<p>\n							&quot;Advanced Linux&quot;&quot; courses</p>\n					</div>\n				</div>\n				<div class=\"yui-u\">\n					<div class=\"job last\">\n						<h4>\n							2003</h4>\n						<h2>\n							Teaching Assistant</h2>\n						<h3>\n							<a href=\"http://iu4.bmstu.ru/\" target=\"_blank\">Bauman Moscow State Technical University</a>, Moscow, Russia</h3>\n						<p>\n							&quot;System programming&quot; courses</p>\n					</div>\n				</div>\n			</div>\n			<div class=\"yui-gf last\">\n				<div class=\"yui-u first\">\n					<h2>\n						Professional Experience</h2>\n				</div>\n<!--// .yui-u -->				<div class=\"yui-u\">\n					<div class=\"job\">\n						<h4>\n							2006-2008</h4>\n						<h2>\n							System Architect</h2>\n						<h3>\n							<a href=\"http://www.tsystems.su\" target=\"_blank\">JSC &quot;Technological Systems&quot;, Moscow, Russia</a></h3>\n					</div>\n				</div>\n				<div class=\"yui-u\">\n					<div class=\"job\">\n						<h4>\n							2005-2007</h4>\n						<h2>\n							Software Developer</h2>\n						<h3>\n							<a href=\"http://www.videofonmv.ru\" target=\"_blank\">JSC &quot;Videofon MV&quot;</a>, Moscow, Russia</h3>\n					</div>\n				</div>\n				<div class=\"yui-u\">\n					<div class=\"job last\">\n						<h4>\n							2002-2005</h4>\n						<h2>\n							Principal Engineer</h2>\n						<h3>\n							<a href=\"http://www.rtisystems.ru/\" target=\"_blank\">JSC &ldquo;Concern of &ldquo;Radiotechnical and Informational Systems&rdquo;</a>, Moscow, Russia</h3>\n					</div>\n				</div>\n			</div>\n<!--// .yui-b -->		</div>\n<!--// yui-main -->	</div>\n<!--// bd --></div>\n'),(66,33,'2009-12-28 01:50:39','<p>\n	<img align=\"right\" alt=\"Alexander Afanasyev\" height=\"291\" src=\"{$GLOBAL_PREFIX}images/alexander_afanasyev.jpeg\" style=\"margin-left: 10px; margin-bottom: 20px;\" width=\"300\" />I was born in a small town called Liepaya that is situated on the shore of the Baltic Sea in Latvia.</p>\n<p>\n	I received my B.Tech. (бакалавр техники и технологий) and M.Tech. (магистр техники и технологий) degrees in Computer Science from <a href=\"http://www.bmstu.ru/english/common.html\" target=\"_blank\">Bauman Moscow State Technical University</a> (Московский Государственный Технический Университет им.Н.Э.Баумана, факультет Информатика и Системы Управления, <a href=\"http://iu4.bmstu.ru/\" target=\"_blank\">кафедра ИУ4</a>), Moscow, Russia in 2005 and 2007, respectively.</p>\n<p>\n	Currently I&#39;m working towards my Ph.D. degree in <a href=\"http://www.cs.ucla.edu\" target=\"_blank\">Computer Science at the University of California, Los Angeles</a> in the <a href=\"http://www.lasr.cs.ucla.edu\" target=\"_blank\">Laboratory for Advanced System Research</a>, advised by Drs. <a href=\"http://www.lasr.cs.ucla.edu/reiher.new/index2.html\" target=\"_blank\">Peter Reiher</a> and <a href=\"http://www.lk.cs.ucla.edu\" target=\"_blank\">Leonard Kleinrock</a>. My research interests include network systems, network security, mobile systems, multimedia systems, and peer-to-peer environments.</p>\n'),(67,34,'2009-12-28 01:51:12','<h5>\n	Alexander Afanasyev</h5>\n<p>\n	3564 Boelter Hall <br />\n	Computer Science Department <br />\n	University of California at Los Angeles (UCLA) <br />\n	Los Angeles, CA 90095</p>\n<p>\n	Email: <a href=\"http://mailhide.recaptcha.net/d?k=01AkOqvipc-oi-UdWJ2oFbkg==&amp;c=sEnupUlCKOR8Mzqg1Q6ri_0Zra6jA0FVck8jpf9dnV4=\" onclick=\"window.open(\'http://mailhide.recaptcha.net/d?k=01AkOqvipc-oi-UdWJ2oFbkg==&amp;c=sEnupUlCKOR8Mzqg1Q6ri_0Zra6jA0FVck8jpf9dnV4=\', \'\', \'toolbar=0,scrollbars=0,location=0,statusbar=0,menubar=0,resizable=0,width=500,height=300\'); return false;\" title=\"Reveal this e-mail address\">my email address</a> <br />\n	Phone: +1-310-825-8899 <br />\n	Fax: +1-310-825-7578</p>\n');
/*!40000 ALTER TABLE `texts_history` ENABLE KEYS */;
UNLOCK TABLES;

--
-- Table structure for table `user_groups`
--

DROP TABLE IF EXISTS `user_groups`;
SET @saved_cs_client     = @@character_set_client;
SET character_set_client = utf8;
CREATE TABLE `user_groups` (
  `id` int(11) NOT NULL auto_increment,
  `name` text,
  PRIMARY KEY  (`id`)
) ENGINE=MyISAM AUTO_INCREMENT=2 DEFAULT CHARSET=utf8;
SET character_set_client = @saved_cs_client;

--
-- Dumping data for table `user_groups`
--

LOCK TABLES `user_groups` WRITE;
/*!40000 ALTER TABLE `user_groups` DISABLE KEYS */;
INSERT INTO `user_groups` VALUES (1,'Admin');
/*!40000 ALTER TABLE `user_groups` ENABLE KEYS */;
UNLOCK TABLES;

--
-- Table structure for table `user_rights`
--

DROP TABLE IF EXISTS `user_rights`;
SET @saved_cs_client     = @@character_set_client;
SET character_set_client = utf8;
CREATE TABLE `user_rights` (
  `id` int(11) NOT NULL auto_increment,
  `controller_id` text,
  `allow_action` text,
  `user_group_id` int(11) default NULL,
  PRIMARY KEY  (`id`)
) ENGINE=MyISAM AUTO_INCREMENT=13 DEFAULT CHARSET=utf8;
SET character_set_client = @saved_cs_client;

--
-- Dumping data for table `user_rights`
--

LOCK TABLES `user_rights` WRITE;
/*!40000 ALTER TABLE `user_rights` DISABLE KEYS */;
INSERT INTO `user_rights` VALUES (1,'staticPages','show',NULL),(3,'publications','show',NULL),(4,'publications','index',NULL),(7,'login','index',NULL),(8,'login','login',NULL),(9,'login','logout',NULL),(10,'index','index',NULL),(11,'bibwiki','index',NULL),(12,'bibwiki','bibtex',NULL);
/*!40000 ALTER TABLE `user_rights` ENABLE KEYS */;
UNLOCK TABLES;

--
-- Table structure for table `users`
--

DROP TABLE IF EXISTS `users`;
SET @saved_cs_client     = @@character_set_client;
SET character_set_client = utf8;
CREATE TABLE `users` (
  `user_id` int(11) NOT NULL auto_increment,
  `u_login` varchar(255) default NULL,
  `u_passwd` text,
  `u_name` text,
  `u_lastlogin` datetime default NULL,
  `u_email` text,
  PRIMARY KEY  (`user_id`),
  UNIQUE KEY `users_u_login_key` (`u_login`)
) ENGINE=MyISAM AUTO_INCREMENT=3 DEFAULT CHARSET=utf8;
SET character_set_client = @saved_cs_client;

--
-- Dumping data for table `users`
--

LOCK TABLES `users` WRITE;
/*!40000 ALTER TABLE `users` DISABLE KEYS */;
INSERT INTO `users` VALUES (1,'admin','ZxyxPx8P','','0000-00-00 00:00:00','2009-12-16 18:19:49');
/*!40000 ALTER TABLE `users` ENABLE KEYS */;
UNLOCK TABLES;
/*!40103 SET TIME_ZONE=@OLD_TIME_ZONE */;

/*!40101 SET SQL_MODE=@OLD_SQL_MODE */;
/*!40014 SET FOREIGN_KEY_CHECKS=@OLD_FOREIGN_KEY_CHECKS */;
/*!40014 SET UNIQUE_CHECKS=@OLD_UNIQUE_CHECKS */;
/*!40101 SET CHARACTER_SET_CLIENT=@OLD_CHARACTER_SET_CLIENT */;
/*!40101 SET CHARACTER_SET_RESULTS=@OLD_CHARACTER_SET_RESULTS */;
/*!40101 SET COLLATION_CONNECTION=@OLD_COLLATION_CONNECTION */;
/*!40111 SET SQL_NOTES=@OLD_SQL_NOTES */;

-- Dump completed on 2009-12-28 10:01:55
